Заголовок (запрос);Title; Description;Общий вопрос;Уникальность
Стартовая страница ВКонтакте;Социальная сеть ВКонтакте;Стартовая страница социальной сети ВКонтакте: вход, помощь, советы, интересные фишки;как пользоваться стартовой страницей ВКонтакте;
Регистрация ВКонтакте;Регистрация ВКонтакте;Пошаговая инструкция по регистрации на сайте ВКонтакте (ВК);как зарегистрироваться ВКонтакте;
Нет входа ВКонтакте;Не входит в Контакт? Решение ; Почему не заходит ВКонтакте? Проблема и способы ее исправления;как найти вход на сайт ВКонтакте;
Заблокировали страницу ВКонтакте;Заблокировали (заморозили) страницу ВКонтакте. Что делать? Решение;Заблокировали страницу ВКонтакте? Как разблокироваться, открыть страницу, зайти на сайт;почему могли заблокировать страницу ВКонтакте;
Моя страница на сайте ВКонтакте;ВКонтакте: моя страница;Вход на свою страницу ВКонтакте. Стартовая страница «Вход»;"какие возможности во ВКонтакте на ""Моя страница""";
Восстановление пароля ВКонтакте;Восстановление пароля, доступа ВКонтакте (ВК) — Стартовая страница ;Как восстановить пароль ВКонтакте (ВК) и вернуть доступ к своей странице (в том числе без телефона), привязать страницу к новому номеру.;как восстановить пароль ВКонтакте;
Отвязать номер телефона от страницы ВКонтакте;Чужая страница ВКонтакте и мой номер телефона;Почему я попадаю на чужую страницу и как отвязать от нее мой номер телефона;как отвязать номер телефона от страницы ВКонтакте;
Пароль к ВКонтакте;Безопасность ВКонтакте — Пароль и общие меры безопасности — ;Безопасность при работе с сайтом ВКонтакте — Пароль и рекомендации по обращению с ним, общие меры безопасности — Стартовая страница ;какой выбрать пароль для входа на сайт ВКонтакте;
Бесплатные действия ВКонтакте;Бесплатный ВКонтакте для всех ;Бесплатен ли доступ в социальную сеть ВКонтакте? — Стартовая страница  — Быстрый вход одним кликом на сайт В Контакте, Одноклассники, Фейсбук (Facebook), Майл.ру (Mail.Ru), Мой Мир, Мир Тесен, знакомства бесплатно;какие действия бесплатные ВКонтакте;
Быстрый вход ВКонтакте;ВКонтакте: добро пожаловать! ;Добро пожаловать! Войди в Контакт мгновенно, одним нажатием — Рекомендации по быстрому входу — Стартовая страница ;как быстро входить ВКонтакте без ввода пароля;
Узнать кто онлайн ВКонтакте;Посмотреть, кто в онлайне ВКонтакте;Как следить за человеком ВКонтакте? Можно не заходить в Контакт и смотреть, кто из друзей сейчас в онлайне.  помогает узнать, кто заходил в онлайн на страницу ВКонтакте. Ты — невидимка!;как узнать кто сейчас онлайн ВКонтакте;
Что такое голоса ВКонтакте;Голоса ВКонтакте;Часто задаваемые вопросы о голосах ВКонтакте: как купить или получить бесплатно, на что потратить;что такое голоса ВКонтакте;
Как пользоваться ВКонтакте;Как пользоваться ВКонтакте?;Первые шаги ВКонтакте, простые инструкции, подсказки, полезные советы;как пользоваться всеми возможностями ВКонтакте;
Дни рождения друзей ВКонтакте;Как увидеть дни рождения друзей ВКонтакте;Что делать, если друзья не видят напоминание о дне рождения ВКонтакте. Можно ли вернуть напоминание, если закрыл его. Как посмотреть все дни рождения друзей.;как узнать дни рождения друзей ВКонтакте;
Скачать ВКонтакте на телефон;Как скачать ВКонтакте на телефон;Простые шаги для скачивания и установки приложения ВКонтакте на телефон (смартфон) Айфон, Андроид или Виндоус Фон;как скачать ВКонтакте на телефон;
Не играет музыка ВКонтакте ошибка;Ошибка при воспроизведении аудиозаписи в приложении ВКонтакте на телефоне или планшете. Что делать?;Как устранить ошибку, когда не играет музыка в ВК на телефоне или на планшете (ошибка при воспроизведении аудиозаписи, неподдерживаемый формат записи). Причины и способы решения.;почему ВКонтакте не проигрывает музыку;
Взломали страницу Вконтакте что делать;Что делать, если взломали страницу ВКонтакте;Кто и зачем взломал мою страницу? Как быть и что сделать в первую очередь? Где узнать, как восстановить доступ?;что делать если взломали страницу ВКонтакте;
Моя старая страница Вконтакте;Старая страница ВКонтакте: как найти, открыть, войти;Как найти, открыть, войти на свою старую страницу ВКонтакте;как найти свою старую страницу ВКонтакте;
Забыл логин ВКонтакте;Что делать, если забыл логин ВКонтакте (или логин и пароль);Как узнать свой логин, если его забыл, и войти в ВК? Что делать, если забыл и логин (номер телефона), и пароль? Быстрая помощь;что делать если забыл пароль от ВКонтакте;
Код по СМС ВКонтакте;ВКонтакте: куда вводить код;По СМС пришел код ВКонтакте. Куда его вводить? Инструкция и решение проблем;что делать с кодом СМС от ВКонтакте;
ВКонтакте ошибка Пользователь не найден;Ошибка ВКонтакте «Пользователь не найден». Что делать?;Ситуации, в которых возникает ошибка «Пользователь не найден» ВКонтакте. Решение проблемы;что делать если ВКонтакте выдает ошибку Пользователь не найден;
Восстановление пароля ВКонтакте;ВКонтакте: быстрое восстановление пароля недоступно. Почему? Что делать?;Для вашей страницы включено подтверждение входа по мобильному телефону. Как теперь восстановить доступ к странице, если забыл пароль?;как восстановить пароль ВКонтакте;
Заявка на восстановление ВКонтакте - не проходит фото;Что делать, если ВКонтакте не принимает фото на фоне заявки на восстановление;Как правильно сделать и отправить фото. Способы решения проблемы. Простое объяснение, как успешно восстановить страницу по фотографии.;почему ВКонтакте не принимает фото на форме восстановления пароля;
Заявку на восстановление ВКонтакте отклонили;Заявка на восстановление страницы ВКонтакте отклонена. Что делать?;Причины, по которым отклоняют заявку на восстановление, и как решить проблему;почему отклоняют заявку на восстановление ВКонтакте;
Как восстановить ВКонтакте без паспорта;Что делать, если нет паспорта, а ВКонтакте требует его для восстановления доступа?;Какой документ можно отправить, если нет паспорта? Можно ли отправить свидетельство о рождении? Примет ли его служба поддержки ВКонтакте для восстановления доступа к странице?;можно ли восстановить ВКонтакте без паспорта;
ВКонтакте ошибка flood error;Ошибка flood error ВКонтакте при восстановлении пароля. Что делать?;Почему возникает ошибка flood error. Что это значит? Как ее исправить? Решение;что за ошибка ВКонтакте flood error;
Как сменить пароль ВКонтакте;Как поменять пароль ВКонтакте;Меняем старый пароль на новый, ;как поменять свой пароь ВКонтакте;
Как изменить имя и фамилию ВКонтакте;Как изменить имя, фамилию ВКонтакте;Смена имени, фамилии на странице ВКонтакте. Где это сделать. Сколько времени ждать. Что делать, если не меняют. Почему не могу поменять имя. Почему имя само поменялось. Можно ли сделать имя и фамилию по-английски, и как это сделать.;как изменить свою имя и фамилию на странице ВКонтакте;
Как открыть номер телефона ВКонтакте;Как сделать, чтобы видели мой номер телефона на странице ВКонтакте;Кто видит мой номер мобильного телефона на моей странице? Как сделать, чтобы его видели все люди или только друзья? Как скрыть номер от всех?;как открыть всем свой номер телефона на странице ВКонтакте;
скрыть страницу ВКонтакте;Как скрыть свою страницу ВКонтакте, фото, видео, стену, друзей, группы;Подробная инструкция, как закрыть информацию на своей странице ВКонтакте от посторонних, нежелательных людей через настройки приватности;как скрыть свою страницу ВКонтакте;
Черный список ВКонтакте;Черный список ВКонтакте: как посмотреть, как убрать человека из ЧС (черного списка);Где найти и как посмотреть свой черный список ВКонтакте. Как узнать, кого я заблокировал. Как разблокировать человека (убрать из черного списка);что такое черный список ВКонтакте;
Как заблокировать человека ВКонтакте;Как заблокировать человека ВКонтакте;Простая инструкция, как заблокировать человека ВКонтакте, чтобы он не мог писать тебе сообщения, не мог смотреть твою страницу;как заблокировать человека ВКонтакте;
Как проверить что меня заблокировали ВКонтакте;Как узнать, что тебя заблокировали ВКонтакте;Способ точного определения, что тебя заблокировал (внес в черный список) конкретный человек ВКонтакте;как убедиться что меня не заблокировали ВКонтакте;
как узнать дату захода ВКонтакте;Как узнать, когда человек заходил ВКонтакте, и как скрыть время посещения;Можно ли скрыть дату, время, когда заходил в ВК, как это сделать и какие ограничения существуют;как узнать дату последнего входа ВКонтакте;
пожаловаться ВКонтакте;Как пожаловаться ВКонтакте;Отправка жалобы администрации ВКонтакте на страницу человека, группы: как отправить, какую причину указать. Как бороться со спамом.;куда отправлять жалобу на сайте ВКонтакте;
техподдержка ВКонтакте;Как обратиться в поддержку ВКонтакте;Куда обращаться, если нужно связаться с технической поддержкой (центром помощи) сайта ВКонтакте или пожаловаться на что-либо;как связаться с техподдержкой ВКонтакте;
как реагировать на оскорбления ВКонтакте;Что делать, если оскорбили ВКонтакте;В личных сообщениях ВКонтакте или в комментариях тебя оскорбили. Как поступить? Что можно сделать?;как поступить если собеседник оскорбил ВКонтакте;
Восстановить удаленное фото ВКонтакте;Как восстановить удаленное фото ВКонтакте;Все способы восстановления удаленных из ВК фото и аватарок. Реальные шансы.;как восстановить удаленное фото ВКонтакте;
Сообщения ВКонтакте;Сообщения ВКонтакте;Непрочитанные, новые, удаленные сообщения ВКонтакте: просто и понятно, что делать. Инструкция.;зачем нужны сообщения ВКонтакте;
Удалить отправленное сообщение ВКонтакте;Как удалить отправленное сообщение ВКонтакте;Можно ли удалить отправленное сообщение в ВК и как это сделать (в том числе, если оно еще не прочитано);как удалить отправленное сообщение ВКонтакте;
Восстановить удаленное сообщение ВКонтакте;Как восстановить удаленные сообщения ВКонтакте, диалог, переписку;Можно ли восстановить удаленные сообщения в ВК? Как это сделать? Решение проблемы, советы;как восстановить удаленное сообщение ВКонтакте;
Не отправляются сообщения ВКонтакте;Что делать, если не отправляются сообщения ВКонтакте;Конкретные решения проблемы, когда ВКонтакте не отправляются сообщения и появляется ошибка.;почему не отправляются сообщения ВКонтакте;
как найти пост ВКонтакте;Как найти пост (запись на стене) ВКонтакте;Все способы найти пост (запись на стене, в ленте) ВКонтакте, фотографию, видео, закладку.;как быстро найти нужный пост ВКонтакте;
как узнать id ВКонтакте;Как узнать айди ВКонтакте;Самый легкий, быстрый и точный способ узнать свой айди (id) ВКонтакте или айди любого другого человека, а также ссылку на страницу ВК;как быстро узнать id ВКонтакте;
Как найти человека ВКонтакте;Как найти страницу человека или группы ВКонтакте по айди (id);Быстрый поиск страницы человека или группы (клуба) ВКонтакте, если знаешь цифровой номер айди (id);как найти нужного человека ВКонтакте;
изменить шрифт ВКонтакте;Как изменить шрифт ВКонтакте;Как увеличить или уменьшить шрифт ВКонтакте, включить увеличенный шрифт, и можно ли писать большим или жирным шрифтом;как настроить размер шрифта на сайте ВКонтакте;
Как удалить себя из ВКонтакте;Как удалить свою страницу ВКонтакте;Полное удаление своей страницы ВКонтакте: понятное описание по шагам;как полностью удалить свою страницу ВКонтакте;
Как восстановить удаленную страницу ВКонтакте;Как восстановить удаленную страницу ВКонтакте;В течение какого времени можно восстановить удаленную страницу ВКонтакте, кто может это сделать, и как конкретно это сделать;как восстановить удаленную страницу ВКонтакте;
Удалить свой лайк ВКонтакте;Как удалить лайк ВКонтакте («Мне нравится»);Легко и просто удалить чужой или свой лайк («Мне нравится», сердечко) с поста, фотографии или видео ВКонтакте;как отменить свой лайк ВКонтакте;
вернуть старую версию ВКонтакте;Как вернуть старую версию ВКонтакте;Можно ли вернуть старую версию ВКонтакте (оформление, дизайн) и как это сделать;как вернуть старую версию сайта ВКонтакте;
ВКонтакте - настройки в новой версии;Где в новой версии ВКонтакте настройки, мои ответы, музыка, дни рождения, выход, статистика...?;Инструкция, где конкретно найти и открыть в новой версии ВКонтакте (ВК) настройки, мои ответы (уведомления), кнопку выхода, музыку (плеер), статистику страницы;где в новой версии ВКонтакте находятся настройки;
Полная версия ВКонтакте;Как зайти в полную версию ВКонтакте;Переключиться на полную версию, если открывается мобильная. Как быстро открыть полную версию разными способами;как переключиться на полную версию ВКонтакте;
Группы ВКонтакте;Все о группах ВКонтакте;Группы ВКонтакте: инструкции, решения проблем, советы;зачем нужны группы ВКонтакте;
Заблокировали группу ВКонтакте;Мою группу ВКонтакте заблокировали! Что делать?;Причины блокировки группы, как ее разблокировать и что делать, чтобы блокировка не повторилась;почему заблокировали группу ВКонтакте;
как комментировать сообщения в группе;Не могу писать комментарии в группе ВКонтакте. Почему? Что делать?;В чем причина того, что я не могу комментировать в группе ВКонтакте, а другие могут? Причина и решение;как комментировать сообщения в группе ВКонтакте;
стикеры ВКонтакте;Стикеры ВКонтакте;ВКонтакте появятся стикеры (картинки) в личных сообщениях;зачем нужны стикеры ВКонтакте;
программы для ВКонтакте;Программы для Контакта;Виды программ (приложений) для социальной сети ВКонтакте. Для чего они и кто их делает? — Стартовая страница ;какие программы для ВКонтакте нужны;
фильмы о ВКонтакте;Фильмы про ВКонтакте ;Фильмы ВКонтакте — Как смотреть, можно ли скачать — Стартовая страница ;какие есть фильмы о соцсети ВКонтакте;
история ВКонтакте;История «ВКонтакте» ;История «ВКонтакте»: рассказ об истории социальной сети в легком и доступном изложении, хронология на стартовой странице ;где почитать историю соцсети ВКонтакте;
новости соцсети ВКонтакте;Новости ВКонтакте ;Новости социальной сети ВКонтакте на стартовой странице ;где найти новости соцсети ВКонтакте;
поиск девушек ВКонтакте;Девушки ВК (ВКонтакте);Быстрый поиск девушек на сайте ВК (ВКонтакте), с фотографией, по странам и городам, онлайн прямо сейчас;как найти во ВКонтакте свободную девушку;
поиск парней ВКонтакте;Мужчины ВКонтакте;Поиск парней, мужчин на сайте ВКонтакте (ВК) с фотографией, по городу, возрасту, онлайн;как найти во ВКонтакте свободного парня;
