"Название раздела";"GUID идентификатор группы элементов";"GUID идентификатор родительской группы элементов";"Заголовок раздела(title)";"Описание раздела(description)";"Ключевые слова раздела(keywords)";"Описание раздела";"Путь для раздела";"Порядок сортировки раздела";"GUID идентификатор элемента";"Название элемента";"Описание элемента";"Текст для элемента";"Метки";"Активность элемента";"Порядок сортировки элемента";"Путь к элементу";"Заголовок (title)";"Значение мета-тега description для страницы с элементом";"Значение мета-тега keywords для страницы с элементом";"Флаг индексации";"Дата";"Дата публикации";"Дата завершения публикации";"Файл изображения для элемента";"Файл малого изображения для элемента";"Ярлыки";"Идентификатор пользователя сайта";"Форматированное текстовое поле1-1";"Чек бокс1-1";"Форматированное текстовое поле2-1";"Чек бокс2-1";"Форматированное текстовое поле3-1";"Чек бокс3-1";"Адрес (youtube)";"Заголовок1-1";"Ссылка1-1";"Описание1-1";"Заголовок2-1";"Ссылка2-1";"Описание2-1";"Заголовок3-1";"Ссылка3-1";"Описание3-1";"Заголовок4-1";"Ссылка4-1";"Описание4-1";"Заголовок5-1";"Ссылка5-1";"Описание5-1";
;;;;;;;;;;"Курица под кайфом салат";;" Традиционная кулинария, как оказывается, имеет много загадок. Довольно часто то, что писали о ней классики, после пристального изучения становится иногда удивительным. Многие считают, что знание как приготовить курица под кайфом салат является доступным для зрелой хозяйки. Скажем честно, это вопрос неоднозначный.<br> Мы остановимся на самом ярком из рецептов. Этот рецепт только с натяжкой можно считать выдающимся (хотя почему?). Но по оригинальности ему, пожалуй, нет равных. <br> Читайте нашу статью и узнайте как нужно готовить это вкусное блюдо, мы уверены что из нее вы подчерпнете о кулинарии и кухне кое-что новое. Как минимум, Вы точно будете уверены в том как приготовить курица под кайфом салат. Приятного аппетита!";;"1";"0";"kurica-pod-kajfom-salat";"Узнай как приготовить курица под кайфом салат. Подборка вкусных рецептов для дома с фото и видео. Читай!";"Курица под кайфом салат - простые пошаговые рецепты с фото и видео";;"1";"02.07.2017 20:49:57";"0000-00-00 00:00:00";"0000-00-00 00:00:00";;;;"0";;
;;;;;;;;;;"Салат с копченой курицей";;"Довольно часто молодые пользователи соцсети Фейсбук не знают как приготовить салат с копченой курицей. Впрочем, ничего тяжелого в этом рецепте нет. Обыденная кулинария имеет достаточно много хитростей и даже тайн. Традиционно считается, что понимание как приготовить салат с копченой курицей является известным для молодой хозяйки. Это вопрос во многом спорный.<br> Мы поделимся в этой статье одним из самых доступных рецептов. Этот рецепт сложно назвать выдающимся. Но по насыщенности вкусом ему, пожалуй, нет равных в своем классе. <br> Ознакомьтесь с нашей инструкцией и узнайте как правильно приготовить это вкуснейшее блюдо, мы надеемся что наша статья может оказаться полезной. Как минимум, Вы точно познакомитесь с тем как приготовить салат с копченой курицей. Желаем Вам приятного чтения!";;"1";"0";"salat-s-kopchenoj-kuricej";"Узнай как приготовить салат с копченой курицей. Подборка вкусных рецептов для дома с фото и видео. Читай!";"Салат с копченой курицей - простые пошаговые рецепты с фото и видео";;"1";"02.07.2017 20:49:57";"0000-00-00 00:00:00";"0000-00-00 00:00:00";;;;"0";;
;;;;;;;;;;"Салат из вареной курицы";;"Некоторые любители кулинарных программ не уверены как приготовить салат из вареной курицы. Между тем, этот вопрос довольно простой. Любая национальная кухня, как оказывается, имеет достаточно много загадок и даже тайн. Многие считают, что понимание как приготовить салат из вареной курицы присуще любой начинающей хозяйке. Вынуждены признать, это вопрос не такой простой.<br> Мы решили остановиться на наиболее ярком из рецептов. Этот рецепт нельзя считать историческим. Но по насыщенности вкусом ему, пожалуй, нет сильных соперников. <br> Изучите нашу инструкцию и узнайте как нужно готовить это вкуснейшее блюдо, мы думаем что наша статья может оказаться для вас интересной. По крайней мере, Вы точно будете знать как приготовить салат из вареной курицы. Итак, устраивайтесь поудобнее, и мы начнем!";;"1";"0";"salat-iz-varenoj-kuricy";"Узнай как приготовить салат из вареной курицы. Подборка вкусных рецептов для дома с фото и видео. Читай!";"Салат из вареной курицы - простые пошаговые рецепты с фото и видео";;"1";"02.07.2017 20:49:57";"0000-00-00 00:00:00";"0000-00-00 00:00:00";;;;"0";;
;;;;;;;;;;"Салат из курицы с грибами";;" Традиционная кухня содержит достаточно много секретов и даже тайн. Довольно часто то, что написано о ней классиками, при подробном знакомстве с предметом становится не совсем очевидно. Многие считают, что понимание как приготовить салат из курицы с грибами является доступным для начинающей хозяйки. Это вопрос во многом риторический.<br> Мы остановимся на наиболее простом из рецептов. Этот способ готовки только с натяжкой можно называть историческим. Но по своему вкусу ему, пожалуй, сложно выбрать конкурента в своем классе. <br> Изучите нашу инструкцию и узнайте как правильно приготовить это вкусное блюдо, мы уверены что из нее вы узнаете о кулинарии много нового. По крайней мере, Вы точно будете знать как приготовить салат из курицы с грибами. Итак, устраивайтесь поудобнее, и мы начнем!";;"1";"0";"salat-iz-kuricy-s-gribami";"Узнай как приготовить салат из курицы с грибами. Подборка вкусных рецептов для дома с фото и видео. Читай!";"Салат из курицы с грибами - простые пошаговые рецепты с фото и видео";;"1";"02.07.2017 20:49:57";"0000-00-00 00:00:00";"0000-00-00 00:00:00";;;;"0";;
;;;;;;;;;;"Салат из помидоров на зиму";;" Обыденная кухня, как оказывается, несет в себе достаточно много секретов. Даже то, что писали о ней кулинарные эксперты, после пристального изучения оказывается неожиданным. Традиционно считается, что знание как приготовить салат из помидоров на зиму присуще опытной домохозяйке. Это вопрос во многом спорный.<br> Мы решили поделиться с вами одним из самых доступных способов готовки этого блюда. Этот рецепт вряд ли можно называть историческим (хотя почему?). Но по оригинальности ему нет равных. <br> Читайте нашу статью и вы узнаете как нужно готовить это вкусное блюдо, мы думаем что наша статья окажется для вас полезной. Как минимум, Вы точно будете знать как приготовить салат из помидоров на зиму. Приятного чтения!";;"1";"0";"salat-iz-pomidorov-na-zimu";"Узнай как приготовить салат из помидоров на зиму. Подборка вкусных рецептов для дома с фото и видео. Читай!";"Салат из помидоров на зиму - простые пошаговые рецепты с фото и видео";;"1";"02.07.2017 20:49:57";"0000-00-00 00:00:00";"0000-00-00 00:00:00";;;;"0";;
;;;;;;;;;;"Салаты из помидор на зиму";;" Русская кухня, как оказывается, несет в себе достаточно много секретов. Даже то, что написано о ней классиками, при детальном разборе становится не так очевидно. Считается, что понимание как приготовить салаты из помидор на зиму является простым для любой домохозяйки. Честно говоря, это вопрос во многом риторический.<br> Мы же решили остановиться на самом простом из рецептов. Это блюдо вряд ли можно называть традиционным. Но по насыщенности вкусом ему, пожалуй, сложно найти достойного соперника в своем классе. <br> Изучите нашу инструкцию и узнайте как нужно готовить это вкуснейшее блюдо, мы уверены что наша статья окажется для вас интересной. Как минимум, Вы точно познакомитесь с тем как приготовить салаты из помидор на зиму. ";;"1";"0";"salaty-iz-pomidor-na-zimu";"Узнай как приготовить салаты из помидор на зиму. Подборка вкусных рецептов для дома с фото и видео. Читай!";"Салаты из помидор на зиму - простые пошаговые рецепты с фото и видео";;"1";"02.07.2017 20:49:57";"0000-00-00 00:00:00";"0000-00-00 00:00:00";;;;"0";;
;;;;;;;;;;"Салат на зиму из помидор";;"Многие юные домохозяйки сомневаются в том как приготовить салат на зиму из помидор. Между тем, ничего слишком тяжелого в этом рецепте нет. Традиционная кулинария, как оказывается, имеет достаточно много хитростей и даже тайн. Традиционно считается, что знание как приготовить салат на зиму из помидор является присущим для зрелой хозяйки. Вынуждены признать, это вопрос довольно не простой.<br> Мы же остановимся на самом простом из рецептов. Это блюдо вряд ли можно считать традиционным. Но по своему вкусу ему, пожалуй, нет равных в своем классе. <br> Изучите нашу инструкцию и вы узнаете как правильно приготовить это вкуснейшее блюдо, наша статья будет полезной. Как минимум, Вы точно будете знать как приготовить салат на зиму из помидор. Желаем Вам приятного чтения!";;"1";"0";"salat-na-zimu-iz-pomidor";"Узнай как приготовить салат на зиму из помидор. Подборка вкусных рецептов для дома с фото и видео. Читай!";"Салат на зиму из помидор - простые пошаговые рецепты с фото и видео";;"1";"02.07.2017 20:49:57";"0000-00-00 00:00:00";"0000-00-00 00:00:00";;;;"0";;
;;;;;;;;;;"Салаты на зиму из овощей";;"Довольно часто любители программы "Мастер-шеф" сомневаются в том как приготовить салаты на зиму из овощей. Впрочем, этот рецепт не такой уж сложный. Привычная кухня имеет достаточно много хитростей и даже тайн. Довольно часто то, что описано в классических работах, при подробном знакомстве с предметом оказывается не так очевидно. Традиционно считается, что знание как приготовить салаты на зиму из овощей является известным для каждой хозяйки. Так ли это – вопрос довольно неоднозначный.<br> Мы поделимся одним из ярких способов готовки этого блюда. Этот способ готовки сложно называть историческим (хотя почему?). Но по своей яркости ему сложно подобрать конкурента в своем классе. <br> Читайте нашу статью и вы узнаете как правильно приготовить это вкуснейшее блюдо, мы уверены что из нее вы узнаете о кулинарии и кухне что-то новое. По крайней мере, Вы точно узнаете как приготовить салаты на зиму из овощей. Приятного аппетита!";;"1";"0";"salaty-na-zimu-iz-ovocshej";"Узнай как приготовить салаты на зиму из овощей. Подборка вкусных рецептов для дома с фото и видео. Читай!";"Салаты на зиму из овощей - простые пошаговые рецепты с фото и видео";;"1";"02.07.2017 20:49:57";"0000-00-00 00:00:00";"0000-00-00 00:00:00";;;;"0";;
;;;;;;;;;;"Осенний салат на зиму";;"Довольно часто молодые хозяйки не уверены как приготовить осенний салат на зиму. Однако, ничего нерешаемого в этом вопросе нет. Обыденная кулинария имеет достаточно много секретов и даже тайн. Даже то, что написано о ней классиками, при детальном разборе оказывается не совсем очевидно. Традиционно считается, что знание как приготовить осенний салат на зиму присуще начинающей хозяйке. Это вопрос довольно риторический.<br> Мы решили поделиться в этой статье одним из самых ярких способов готовки этого блюда. Этот способ готовки вряд ли можно считать историческим. Но по своему вкусу ему нет равных в своем классе. <br> Прочитайте нашу статью и узнайте как правильно приготовить это вкуснейшее блюдо, наша статья может оказаться полезной. Вы точно будете знать как приготовить осенний салат на зиму. Желаем Вам приятного чтения!";;"1";"0";"osennij-salat-na-zimu";"Узнай как приготовить осенний салат на зиму. Подборка вкусных рецептов для дома с фото и видео. Читай!";"Осенний салат на зиму - простые пошаговые рецепты с фото и видео";;"1";"02.07.2017 20:49:57";"0000-00-00 00:00:00";"0000-00-00 00:00:00";;;;"0";;
;;;;;;;;;;"Консервирование салатов на зиму";;" Любая национальная кулинария содержит достаточно много секретов и даже тайн. Традиционно считается, что понимание как приготовить консервирование салатов на зиму присуще любой начинающей хозяйке. Это вопрос довольно риторический.<br> Мы же остановимся на самом доступном из рецептов. Это блюдо нельзя считать традиционным (хотя почему?). Но по оригинальности ему нет равных в своем классе. <br> Прочитайте нашу статью и будете знать как нужно готовить это вкусное блюдо, из нее вы узнаете о кулинарии и кухне много нового. Как минимум, Вы точно узнаете как приготовить консервирование салатов на зиму. Приятного чтения!";;"1";"0";"konservirovanie-salatov-na-zimu";"Узнай как приготовить консервирование салатов на зиму. Подборка вкусных рецептов для дома с фото и видео. Читай!";"Консервирование салатов на зиму - простые пошаговые рецепты с фото и видео";;"1";"02.07.2017 20:49:57";"0000-00-00 00:00:00";"0000-00-00 00:00:00";;;;"0";;
;;;;;;;;;;"Консервация салатов";;" Привычная кухня, как оказывается, несет в себе много секретов. Даже то, что описано в классических работах, при подробном знакомстве с предметом становится не совсем очевидно. Считается, что знание как приготовить консервация салатов является известным для молодой хозяйки. Честно говоря, это вопрос во многом не очень простой.<br> Мы поделимся с вами одним из доступных способов готовки этого блюда. Этот рецепт сложно назвать традиционным. Но по своему вкусу ему нет равных. <br> Изучите нашу статью и узнайте как правильно приготовить это вкусное блюдо, мы надеемся что из нее вы узнаете о секретах готовки много нового. Вы точно будете знать как приготовить консервация салатов. Приятного чтения!";;"1";"0";"konservacija-salatov";"Узнай как приготовить консервация салатов. Подборка вкусных рецептов для дома с фото и видео. Читай!";"Консервация салатов - простые пошаговые рецепты с фото и видео";;"1";"02.07.2017 20:49:57";"0000-00-00 00:00:00";"0000-00-00 00:00:00";;;;"0";;
;;;;;;;;;;"Салат на зиму из помидор и перца";;" Русская кухня несет в себе много секретов. Довольно часто то, что описано в классических работах, после пристального изучения становится неожиданным. Считается, что понимание как приготовить салат на зиму из помидор и перца является простым для начинающей хозяйки. Это вопрос не очень простой.<br> Мы решили остановиться на наиболее простом из рецептов. Этот способ готовки сложно называть традиционным. Но по насыщенности вкусом ему, пожалуй, нет достойных конкурентов. <br> Ознакомьтесь с нашей статьей и вы узнаете как правильно приготовить это вкуснейшее блюдо, наша статья окажется для вас полезной. Как минимум, Вы точно будете знать как приготовить салат на зиму из помидор и перца. Итак, устраивайтесь поудобнее, и мы начнем!";;"1";"0";"salat-na-zimu-iz-pomidor-i-perca";"Узнай как приготовить салат на зиму из помидор и перца. Подборка вкусных рецептов для дома с фото и видео. Читай!";"Салат на зиму из помидор и перца - простые пошаговые рецепты с фото и видео";;"1";"02.07.2017 20:49:57";"0000-00-00 00:00:00";"0000-00-00 00:00:00";;;;"0";;
;;;;;;;;;;"Салат с креветками и помидорами";;"Многие юные пользователи соцсети Вконтакте сомневаются в том как приготовить салат с креветками и помидорами. Однако, этот вопрос не такой сложный как кажется. Обыденная кухня несет в себе много секретов. Считается, что понимание как приготовить салат с креветками и помидорами является доступным для любой домохозяйки. Это вопрос не такой простой.<br> Мы решили поделиться на этой странице одним из простых способов готовки этого блюда. Этот рецепт только с натяжкой можно называть выдающимся (хотя почему?). Но по оригинальности ему нет достойных соперников. <br> Изучите нашу инструкцию и узнайте как правильно приготовить это вкусное блюдо, из нее вы узнаете о секретах готовки много нового. По крайней мере, Вы точно познакомитесь с тем как приготовить салат с креветками и помидорами. Приятного аппетита!";;"1";"0";"salat-s-krevetkami-i-pomidorami";"Узнай как приготовить салат с креветками и помидорами. Подборка вкусных рецептов для дома с фото и видео. Читай!";"Салат с креветками и помидорами - простые пошаговые рецепты с фото и видео";;"1";"02.07.2017 20:49:57";"0000-00-00 00:00:00";"0000-00-00 00:00:00";;;;"0";;
;;;;;;;;;;"Салат с креветками и сыром";;"Довольно часто юные домохозяйки сомневаются в том как приготовить салат с креветками и сыром. Между тем, ничего невозможного в этом вопросе нет. Традиционная кухня несет в себе достаточно много хитростей и даже тайн. Даже то, что написано о ней классиками, после внимательного прочтения оказывается неожиданным. Традиционно считается, что понимание как приготовить салат с креветками и сыром присуще любой опытной домохозяйке. Честно говоря, это вопрос довольно спорный.<br> Мы решили поделиться с вами одним из доступных способов готовки этого блюда. Это блюдо нельзя назвать выдающимся. Но по своему вкусу ему, пожалуй, сложно выбрать достойного конкурента. <br> Ознакомьтесь с нашей статьей и будете знать как правильно приготовить это вкуснейшее блюдо, мы надеемся что из нее вы узнаете о секретах готовки много нового. Как минимум, Вы точно будете уверены в том как приготовить салат с креветками и сыром. Приятного аппетита!";;"1";"0";"salat-s-krevetkami-i-syrom";"Узнай как приготовить салат с креветками и сыром. Подборка вкусных рецептов для дома с фото и видео. Читай!";"Салат с креветками и сыром - простые пошаговые рецепты с фото и видео";;"1";"02.07.2017 20:49:57";"0000-00-00 00:00:00";"0000-00-00 00:00:00";;;;"0";;
;;;;;;;;;;"Салат с креветками и огурцами";;" Обыденная кухня, как оказывается, имеет много загадок. Традиционно считается, что понимание как приготовить салат с креветками и огурцами присуще молодой домохозяйке. Вынуждены признать, это вопрос спорный.<br> Мы решили поделиться в этой статье одним из самых простых способов готовки этого блюда. Этот способ готовки вряд ли можно считать выдающимся. Но по насыщенности вкусом ему, пожалуй, нет достойных конкурентов в своем классе. <br> Ознакомьтесь с нашей инструкцией и будете знать как нужно готовить это вкусное блюдо, из нее вы узнаете о секретах готовки много нового. По крайней мере, Вы точно узнаете как приготовить салат с креветками и огурцами. Итак, устраивайтесь поудобнее, мы начинаем!";;"1";"0";"salat-s-krevetkami-i-ogurcami";"Узнай как приготовить салат с креветками и огурцами. Подборка вкусных рецептов для дома с фото и видео. Читай!";"Салат с креветками и огурцами - простые пошаговые рецепты с фото и видео";;"1";"02.07.2017 20:49:57";"0000-00-00 00:00:00";"0000-00-00 00:00:00";;;;"0";;
;;;;;;;;;;"Салат с креветками и помидорами черри и сыром";;" Русская кухня несет в себе много секретов и даже тайн. Даже то, что написано о ней классиками, при подробном знакомстве с предметом становится не так очевидно. Многие считают, что знание как приготовить салат с креветками и помидорами черри и сыром является присущим для начинающей хозяйки. Честно говоря, это вопрос во многом неоднозначный.<br> Мы поделимся в этой статье одним из самых доступных рецептов. Этот рецепт нельзя называть историческим. Но по насыщенности вкусом ему сложно подобрать сильного соперника. <br> Ознакомьтесь с нашей статьей и будете знать как правильно приготовить это вкусное блюдо, мы уверены что из нее вы узнаете для себя много нового. Вы точно будете уверены в том как приготовить салат с креветками и помидорами черри и сыром. ";;"1";"0";"salat-s-krevetkami-i-pomidorami-cherri-i-syrom";"Узнай как приготовить салат с креветками и помидорами черри и сыром. Подборка вкусных рецептов для дома с фото и видео. Читай!";"Салат с креветками и помидорами черри и сыром - простые пошаговые рецепты с фото и видео";;"1";"02.07.2017 20:49:57";"0000-00-00 00:00:00";"0000-00-00 00:00:00";;;;"0";;
;;;;;;;;;;"Салат с креветками и икрой";;"Довольно часто телезрители программы "Адская кухня" не уверены как приготовить салат с креветками и икрой. Впрочем, ничего слишком невозможного в этом вопросе нет. Классическая кухня несет в себе достаточно много загадок и даже тайн. Довольно часто то, что написано о ней классиками, при подробном знакомстве с предметом является не так очевидно. Многие считают, что знание как приготовить салат с креветками и икрой является известным для молодой хозяйки. Это вопрос во многом не простой.<br> Мы поделимся в этой статье одним из ярких рецептов. Этот рецепт только с натяжкой можно считать историческим (хотя собственно почему?). Но по насыщенности вкусом ему нет равных. <br> Прочитайте нашу статью и вы узнаете как правильно приготовить это вкусное блюдо, мы уверены что наша статья будет для вас полезной. Как минимум, Вы точно будете уверены в том как приготовить салат с креветками и икрой. Итак, устраивайтесь поудобнее, мы начинаем!";;"1";"0";"salat-s-krevetkami-i-ikroj";"Узнай как приготовить салат с креветками и икрой. Подборка вкусных рецептов для дома с фото и видео. Читай!";"Салат с креветками и икрой - простые пошаговые рецепты с фото и видео";;"1";"02.07.2017 20:49:57";"0000-00-00 00:00:00";"0000-00-00 00:00:00";;;;"0";;
;;;;;;;;;;"Салат царский с семгой";;"Некоторые молодые хозяйки не уверены как приготовить салат царский с семгой. Однако, ничего нерешаемого в этом вопросе на самом деле, нет. Привычная кулинария, как оказывается, имеет достаточно много загадок и даже тайн. Считается, что знание как приготовить салат царский с семгой присуще любой молодой домохозяйке. Честно говоря, это вопрос во многом не простой.<br> Мы остановимся на наиболее простом из рецептов. Этот способ готовки вряд ли можно считать традиционным (хотя почему?). Но по своему вкусу ему нет равных. <br> Изучите нашу статью и узнайте как правильно приготовить это вкусное блюдо, мы надеемся что наша статья будет интересной. Как минимум, Вы точно будете уверены в том как приготовить салат царский с семгой. Приятного аппетита!";;"1";"0";"salat-carskij-s-semgoj";"Узнай как приготовить салат царский с семгой. Подборка вкусных рецептов для дома с фото и видео. Читай!";"Салат царский с семгой - простые пошаговые рецепты с фото и видео";;"1";"02.07.2017 20:49:57";"0000-00-00 00:00:00";"0000-00-00 00:00:00";;;;"0";;
;;;;;;;;;;"Салат из баклажанов";;" Обыденная кулинария имеет достаточно много секретов и даже тайн. Довольно часто то, что писали о ней кулинарные эксперты, после пристального изучения является не так очевидно. Многие считают, что знание как приготовить салат из баклажанов присуще любой начинающей хозяйке. Это вопрос не простой.<br> Мы поделимся на этой странице одним из ярких способов готовки этого блюда. Этот способ готовки только с натяжкой можно считать историческим. Но по оригинальности ему, пожалуй, нет конкурентов. <br> Ознакомьтесь с нашей инструкцией и будете знать как правильно приготовить это вкуснейшее блюдо, мы уверены что из нее вы подчерпнете о популярном блюде много нового. По крайней мере, Вы точно узнаете как приготовить салат из баклажанов. Итак, устраивайтесь поудобнее, и мы начнем!";;"1";"0";"salat-iz-baklazhanov";"Узнай как приготовить салат из баклажанов. Подборка вкусных рецептов для дома с фото и видео. Читай!";"Салат из баклажанов - простые пошаговые рецепты с фото и видео";;"1";"02.07.2017 20:49:57";"0000-00-00 00:00:00";"0000-00-00 00:00:00";;;;"0";;
;;;;;;;;;;"Салат с семгой";;" Классическая кухня, как оказывается, несет в себе много загадок. Традиционно считается, что понимание как приготовить салат с семгой присуще и каждой хозяйке. Вынуждены признать, это вопрос довольно неоднозначный.<br> Мы поделимся на этой странице одним из самых доступных рецептов. Этот рецепт сложно назвать выдающимся. Но по своей яркости ему нет равных в своем классе. <br> Ознакомьтесь с нашей статьей и вы узнаете как нужно готовить это вкуснейшее блюдо, мы думаем что наша статья может оказаться для вас интересной. По крайней мере, Вы точно будете знать как приготовить салат с семгой. Приятного аппетита!";;"1";"0";"salat-s-semgoj";"Узнай как приготовить салат с семгой. Подборка вкусных рецептов для дома с фото и видео. Читай!";"Салат с семгой - простые пошаговые рецепты с фото и видео";;"1";"02.07.2017 20:49:57";"0000-00-00 00:00:00";"0000-00-00 00:00:00";;;;"0";;
;;;;;;;;;;"Салат из семги слоями";;" Любая национальная кулинария несет в себе много загадок и даже тайн. Многие считают, что понимание как приготовить салат из семги слоями присуще зрелой домохозяйке. Это вопрос довольно спорный.<br> Мы же решили остановиться на самом ярком из рецептов. Это блюдо вряд ли можно назвать историческим (хотя собственно почему?). Но по оригинальности ему, пожалуй, нет сильных соперников. <br> Читайте нашу статью и будете знать как правильно приготовить это вкуснейшее блюдо, мы думаем что наша статья окажется интересной. По крайней мере, Вы точно будете знать как приготовить салат из семги слоями. ";;"1";"0";"salat-iz-semgi-slojami";"Узнай как приготовить салат из семги слоями. Подборка вкусных рецептов для дома с фото и видео. Читай!";"Салат из семги слоями - простые пошаговые рецепты с фото и видео";;"1";"02.07.2017 20:49:57";"0000-00-00 00:00:00";"0000-00-00 00:00:00";;;;"0";;
;;;;;;;;;;"Салат царский с икрой";;"Некоторые молодые зрители кулинарных программ сомневаются в том как приготовить салат царский с икрой. Впрочем, ничего слишком нерешаемого в этом вопросе на самом деле, нет. Русская кулинария имеет много секретов и даже тайн. Довольно часто то, что описано в классических работах, при детальном разборе становится неожиданным. Считается, что знание как приготовить салат царский с икрой присуще любой и каждой хозяйке. Честно говоря, это вопрос спорный.<br> Мы поделимся с вами одним из самых ярких рецептов. Этот способ готовки только с натяжкой можно назвать традиционным (хотя собственно почему?). Но по оригинальности ему, пожалуй, нет сильных соперников в своем классе. <br> Изучите нашу инструкцию и вы узнаете как нужно готовить это вкусное блюдо, наша статья будет для вас интересной. По крайней мере, Вы точно будете знать как приготовить салат царский с икрой. Приятного чтения!";;"1";"0";"salat-carskij-s-ikroj";"Узнай как приготовить салат царский с икрой. Подборка вкусных рецептов для дома с фото и видео. Читай!";"Салат царский с икрой - простые пошаговые рецепты с фото и видео";;"1";"02.07.2017 20:49:57";"0000-00-00 00:00:00";"0000-00-00 00:00:00";;;;"0";;
;;;;;;;;;;"Салат с соленой красной рыбой";;"Как правило, юные телезрители программы "Адская кухня" сомневаются в том как приготовить салат с соленой красной рыбой. Однако, этот рецепт довольно простой. Привычная кулинария несет в себе много хитростей и даже тайн. Даже то, что писали о ней кулинарные знатоки, после внимательного прочтения становится не так очевидно. Считается, что понимание как приготовить салат с соленой красной рыбой является простым для любой домохозяйки. Это вопрос довольно риторический.<br> Мы решили остановиться на самом простом из рецептов. Это блюдо вряд ли можно считать историческим. Но по оригинальности ему сложно найти достойного конкурента. <br> Ознакомьтесь с нашей статьей и будете знать как правильно приготовить это вкуснейшее блюдо, мы думаем что наша статья будет интересной. По крайней мере, Вы точно познакомитесь с тем как приготовить салат с соленой красной рыбой. Итак, устраивайтесь поудобнее, и мы начнем!";;"1";"0";"salat-s-solenoj-krasnoj-ryboj";"Узнай как приготовить салат с соленой красной рыбой. Подборка вкусных рецептов для дома с фото и видео. Читай!";"Салат с соленой красной рыбой - простые пошаговые рецепты с фото и видео";;"1";"02.07.2017 20:49:57";"0000-00-00 00:00:00";"0000-00-00 00:00:00";;;;"0";;
;;;;;;;;;;"Салат с кальмарами и красной икрой";;" Любая национальная кулинария, как оказывается, имеет достаточно много хитростей и даже тайн. Довольно часто то, что написано о ней классиками, при подробном знакомстве с предметом является иногда удивительным. Считается, что знание как приготовить салат с кальмарами и красной икрой присуще и каждой хозяйке. Это вопрос довольно риторический.<br> Мы поделимся в этой статье одним из самых ярких способов готовки этого блюда. Этот рецепт нельзя считать традиционным. Но по своему вкусу ему, пожалуй, нет соперников. <br> Изучите нашу инструкцию и узнайте как нужно готовить это вкусное блюдо, мы надеемся что наша статья может оказаться полезной. По крайней мере, Вы точно будете уверены в том как приготовить салат с кальмарами и красной икрой. Приятного чтения!";;"1";"0";"salat-s-kalmarami-i-krasnoj-ikroj";"Узнай как приготовить салат с кальмарами и красной икрой. Подборка вкусных рецептов для дома с фото и видео. Читай!";"Салат с кальмарами и красной икрой - простые пошаговые рецепты с фото и видео";;"1";"02.07.2017 20:49:57";"0000-00-00 00:00:00";"0000-00-00 00:00:00";;;;"0";;
;;;;;;;;;;"Салат из семги соленой";;"Многие юные любители программы "Мастер-шеф" не знают как приготовить салат из семги соленой. Однако, этот вопрос не такой сложный как кажется. Классическая кухня содержит много хитростей и даже тайн. Даже то, что написано о ней классиками, после пристального изучения является не совсем очевидно. Традиционно считается, что понимание как приготовить салат из семги соленой является доступным для молодой хозяйки. Честно говоря, это вопрос не простой.<br> Мы же остановимся на наиболее простом из рецептов. Этот способ готовки сложно называть историческим (хотя почему?). Но по своей яркости ему нет равных. <br> Прочитайте нашу инструкцию и вы узнаете как правильно приготовить это вкуснейшее блюдо, мы надеемся что наша статья окажется интересной. Вы точно будете знать как приготовить салат из семги соленой. Итак, устраивайтесь поудобнее, и мы начнем!";;"1";"0";"salat-iz-semgi-solenoj";"Узнай как приготовить салат из семги соленой. Подборка вкусных рецептов для дома с фото и видео. Читай!";"Салат из семги соленой - простые пошаговые рецепты с фото и видео";;"1";"02.07.2017 20:49:57";"0000-00-00 00:00:00";"0000-00-00 00:00:00";;;;"0";;
;;;;;;;;;;"Салат царский";;"Многие хозяйки не уверены как приготовить салат царский. Однако, этот рецепт не такой сложный как кажется. Русская кухня несет в себе достаточно много хитростей. Традиционно считается, что понимание как приготовить салат царский присуще молодой хозяйке. Это вопрос довольно риторический.<br> Мы решили поделиться в этой статье одним из самых простых способов готовки этого блюда. Этот способ готовки сложно считать историческим. Но по своему вкусу ему сложно найти сильного конкурента. <br> Ознакомьтесь с нашей статьей и узнайте как нужно готовить это вкусное блюдо, из нее вы подчерпнете о кулинарии и кухне кое-что новое. Как минимум, Вы точно будете знать как приготовить салат царский. Приятного аппетита!";;"1";"0";"salat-carskij";"Узнай как приготовить салат царский. Подборка вкусных рецептов для дома с фото и видео. Читай!";"Салат царский - простые пошаговые рецепты с фото и видео";;"1";"02.07.2017 20:49:57";"0000-00-00 00:00:00";"0000-00-00 00:00:00";;;;"0";;
;;;;;;;;;;"Салат с кальмарами креветками и красной икрой";;"Некоторые юные домохозяйки сомневаются в том как приготовить салат с кальмарами креветками и красной икрой. Между тем, этот рецепт довольно простой. Русская кулинария, как оказывается, несет в себе достаточно много загадок и даже тайн. Даже то, что написано о ней классиками, при подробном знакомстве с предметом становится неожиданным. Многие считают, что знание как приготовить салат с кальмарами креветками и красной икрой присуще и каждой хозяйке. Скажем честно, это вопрос довольно неоднозначный.<br> Мы решили остановиться на наиболее простом из рецептов. Этот рецепт вряд ли можно считать выдающимся. Но по своей яркости ему нет достойных соперников. <br> Ознакомьтесь с нашей инструкцией и вы узнаете как правильно приготовить это вкусное блюдо, наша статья окажется полезной. По крайней мере, Вы точно познакомитесь с тем как приготовить салат с кальмарами креветками и красной икрой. Желаем Вам приятного чтения!";;"1";"0";"salat-s-kalmarami-krevetkami-i-krasnoj-ikroj";"Узнай как приготовить салат с кальмарами креветками и красной икрой. Подборка вкусных рецептов для дома с фото и видео. Читай!";"Салат с кальмарами креветками и красной икрой - простые пошаговые рецепты с фото и видео";;"1";"02.07.2017 20:49:57";"0000-00-00 00:00:00";"0000-00-00 00:00:00";;;;"0";;
;;;;;;;;;;"Салат с форелью";;" Классическая кухня несет в себе достаточно много загадок. Традиционно считается, что знание как приготовить салат с форелью присуще любой и каждой домохозяйке. Это вопрос во многом не простой.<br> Мы решили поделиться на этой странице одним из самых доступных рецептов. Этот способ готовки только с натяжкой можно называть традиционным. Но по своему вкусу ему нет конкурентов. <br> Ознакомьтесь с нашей инструкцией и будете знать как правильно приготовить это вкусное блюдо, мы надеемся что из нее вы узнаете о кулинарии что-то новое. Вы точно познакомитесь с тем как приготовить салат с форелью. Желаем Вам приятного чтения!";;"1";"0";"salat-s-forelju";"Узнай как приготовить салат с форелью. Подборка вкусных рецептов для дома с фото и видео. Читай!";"Салат с форелью - простые пошаговые рецепты с фото и видео";;"1";"02.07.2017 20:49:57";"0000-00-00 00:00:00";"0000-00-00 00:00:00";;;;"0";;
;;;;;;;;;;"Салат с семгой и помидорами";;"Как правило, молодые телезрители кулинарных программ не уверены как приготовить салат с семгой и помидорами. Между тем, этот вопрос довольно простой. Русская кулинария имеет много загадок и даже тайн. Многие считают, что знание как приготовить салат с семгой и помидорами является доступным для зрелой домохозяйки. Честно говоря, это вопрос во многом риторический.<br> Мы поделимся в этой статье одним из самых доступных рецептов. Это блюдо вряд ли можно называть выдающимся. Но по своему вкусу ему, пожалуй, нет равных в своем классе. <br> Прочитайте нашу инструкцию и узнайте как нужно готовить это вкуснейшее блюдо, мы думаем что из нее вы узнаете о секретах готовки что-то новое. По крайней мере, Вы точно будете уверены в том как приготовить салат с семгой и помидорами. Приятного чтения!";;"1";"0";"salat-s-semgoj-i-pomidorami";"Узнай как приготовить салат с семгой и помидорами. Подборка вкусных рецептов для дома с фото и видео. Читай!";"Салат с семгой и помидорами - простые пошаговые рецепты с фото и видео";;"1";"02.07.2017 20:49:57";"0000-00-00 00:00:00";"0000-00-00 00:00:00";;;;"0";;
;;;;;;;;;;"Салат шуба";;" Привычная кухня, как оказывается, имеет достаточно много секретов и даже тайн. Считается, что понимание как приготовить салат шуба присуще начинающей домохозяйке. Вынуждены признать, это вопрос довольно не такой простой.<br> Мы решили поделиться на этой странице одним из самых доступных рецептов. Этот рецепт только с натяжкой можно назвать историческим. Но по своему вкусу ему, пожалуй, нет равных. <br> Прочитайте нашу статью и будете знать как нужно готовить это вкуснейшее блюдо, наша статья окажется для вас полезной. Вы точно познакомитесь с тем как приготовить салат шуба. Приятного чтения!";;"1";"0";"salat-shuba";"Узнай как приготовить салат шуба. Подборка вкусных рецептов для дома с фото и видео. Читай!";"Салат шуба - простые пошаговые рецепты с фото и видео";;"1";"02.07.2017 20:49:57";"0000-00-00 00:00:00";"0000-00-00 00:00:00";;;;"0";;
;;;;;;;;;;"Салат с семгой и огурцом";;"Многие домохозяйки сомневаются в том как приготовить салат с семгой и огурцом. Однако, ничего тяжелого в этом вопросе нет. Русская кухня несет в себе достаточно много загадок и даже тайн. Довольно часто то, что писали о ней кулинарные знатоки, после внимательного прочтения оказывается не совсем очевидно. Считается, что знание как приготовить салат с семгой и огурцом присуще опытной домохозяйке. Честно говоря, это вопрос риторический.<br> Мы решили поделиться с вами одним из доступных рецептов. Этот способ готовки сложно считать традиционным. Но по своему вкусу ему, пожалуй, сложно подобрать конкурента в своем классе. <br> Ознакомьтесь с нашей инструкцией и узнайте как правильно приготовить это вкуснейшее блюдо, наша статья окажется для вас интересной. По крайней мере, Вы точно будете знать как приготовить салат с семгой и огурцом. ";;"1";"0";"salat-s-semgoj-i-ogurcom";"Узнай как приготовить салат с семгой и огурцом. Подборка вкусных рецептов для дома с фото и видео. Читай!";"Салат с семгой и огурцом - простые пошаговые рецепты с фото и видео";;"1";"02.07.2017 20:49:57";"0000-00-00 00:00:00";"0000-00-00 00:00:00";;;;"0";;
;;;;;;;;;;"Салат с красной рыбой и икрой";;" Привычная кулинария имеет много хитростей. Довольно часто то, что описано в классических работах, при детальном разборе становится не совсем очевидно. Считается, что понимание как приготовить салат с красной рыбой и икрой является доступным для молодой хозяйки. Это вопрос довольно неоднозначный.<br> Мы решили поделиться одним из ярких рецептов. Это блюдо сложно назвать историческим (хотя почему?). Но по своему вкусу ему нет равных. <br> Изучите нашу статью и будете знать как правильно приготовить это вкусное блюдо, наша статья может оказаться для вас полезной. По крайней мере, Вы точно узнаете как приготовить салат с красной рыбой и икрой. Желаем Вам приятного чтения!";;"1";"0";"salat-s-krasnoj-ryboj-i-ikroj";"Узнай как приготовить салат с красной рыбой и икрой. Подборка вкусных рецептов для дома с фото и видео. Читай!";"Салат с красной рыбой и икрой - простые пошаговые рецепты с фото и видео";;"1";"02.07.2017 20:49:57";"0000-00-00 00:00:00";"0000-00-00 00:00:00";;;;"0";;
;;;;;;;;;;"Салат из моркови";;"Некоторые юные зрители кулинарных программ не знают как приготовить салат из моркови. Между тем, ничего тяжелого в этом рецепте на самом деле, нет. Любая национальная кулинария, как оказывается, имеет много секретов. Даже то, что описано в классических трудах, при подробном знакомстве с предметом является не совсем очевидно. Многие считают, что понимание как приготовить салат из моркови присуще любой молодой хозяйке. Это вопрос неоднозначный.<br> Мы решили остановиться на самом ярком из рецептов. Этот рецепт нельзя называть выдающимся (хотя собственно почему?). Но по своей яркости ему, пожалуй, нет равных. <br> Изучите нашу статью и узнайте как нужно готовить это вкусное блюдо, мы уверены что из нее вы узнаете что-то новое. По крайней мере, Вы точно узнаете как приготовить салат из моркови. ";;"1";"0";"salat-iz-morkovi";"Узнай как приготовить салат из моркови. Подборка вкусных рецептов для дома с фото и видео. Читай!";"Салат из моркови - простые пошаговые рецепты с фото и видео";;"1";"02.07.2017 20:49:57";"0000-00-00 00:00:00";"0000-00-00 00:00:00";;;;"0";;
;;;;;;;;;;"Корейский салат из огурцов и мяса";;" Традиционная кулинария, как оказывается, содержит достаточно много секретов. Довольно часто то, что описано в классических трудах, после внимательного прочтения является иногда удивительным. Многие считают, что понимание как приготовить корейский салат из огурцов и мяса является присущим для зрелой хозяйки. Честно говоря, это вопрос спорный.<br> Мы же остановимся на наиболее ярком из рецептов. Этот способ готовки нельзя назвать историческим (хотя собственно почему?). Но по своему вкусу ему сложно найти сильного соперника. <br> Ознакомьтесь с нашей инструкцией и будете знать как нужно готовить это вкуснейшее блюдо, мы уверены что наша статья окажется для вас полезной. Вы точно узнаете как приготовить корейский салат из огурцов и мяса. Желаем Вам приятного чтения!";;"1";"0";"korejskij-salat-iz-ogurcov-i-mjasa";"Узнай как приготовить корейский салат из огурцов и мяса. Подборка вкусных рецептов для дома с фото и видео. Читай!";"Корейский салат из огурцов и мяса - простые пошаговые рецепты с фото и видео";;"1";"02.07.2017 20:49:57";"0000-00-00 00:00:00";"0000-00-00 00:00:00";;;;"0";;
;;;;;;;;;;"Салат с корейской морковью и фасолью и курицей";;"Некоторые молодые хозяйки не уверены как приготовить салат с корейской морковью и фасолью и курицей. Однако, этот вопрос не такой сложный как кажется. Привычная кухня несет в себе достаточно много хитростей и даже тайн. Считается, что понимание как приготовить салат с корейской морковью и фасолью и курицей является присущим для зрелой домохозяйки. Это вопрос не простой.<br> Мы решили остановиться на самом доступном из рецептов. Этот способ готовки сложно называть историческим. Но по своей яркости ему нет конкурентов. <br> Ознакомьтесь с нашей инструкцией и будете знать как нужно готовить это вкуснейшее блюдо, мы думаем что наша статья может оказаться для вас интересной. По крайней мере, Вы точно узнаете как приготовить салат с корейской морковью и фасолью и курицей. Приятного аппетита!";;"1";"0";"salat-s-korejskoj-morkovju-i-fasolju-i-kuricej";"Узнай как приготовить салат с корейской морковью и фасолью и курицей. Подборка вкусных рецептов для дома с фото и видео. Читай!";"Салат с корейской морковью и фасолью и курицей - простые пошаговые рецепты с фото и видео";;"1";"02.07.2017 20:49:57";"0000-00-00 00:00:00";"0000-00-00 00:00:00";;;;"0";;
;;;;;;;;;;"Салат из моркови и сыра";;"Как правило, юные телезрители кулинарных программ не знают как приготовить салат из моркови и сыра. Между тем, этот вопрос не такой сложный как кажется. Классическая кулинария содержит достаточно много загадок и даже тайн. Многие считают, что понимание как приготовить салат из моркови и сыра присуще молодой хозяйке. Вынуждены признать, это вопрос довольно не такой простой.<br> Мы остановимся на самом простом из рецептов. Это блюдо вряд ли можно называть традиционным. Но по насыщенности вкусом ему нет равных. <br> Ознакомьтесь с нашей инструкцией и вы узнаете как правильно приготовить это вкуснейшее блюдо, наша статья будет интересной. Как минимум, Вы точно узнаете как приготовить салат из моркови и сыра. Итак, устраивайтесь поудобнее, и мы начнем!";;"1";"0";"salat-iz-morkovi-i-syra";"Узнай как приготовить салат из моркови и сыра. Подборка вкусных рецептов для дома с фото и видео. Читай!";"Салат из моркови и сыра - простые пошаговые рецепты с фото и видео";;"1";"02.07.2017 20:49:57";"0000-00-00 00:00:00";"0000-00-00 00:00:00";;;;"0";;
;;;;;;;;;;"Салат из печени трески с рисом";;"Многие молодые домохозяйки не уверены как приготовить салат из печени трески с рисом. Между тем, ничего слишком невозможного в этом рецепте на самом деле, нет. Русская кухня имеет много загадок и даже тайн. Даже то, что писали о ней кулинарные знатоки, при подробном знакомстве с предметом оказывается иногда удивительным. Традиционно считается, что понимание как приготовить салат из печени трески с рисом является доступным для зрелой домохозяйки. Скажем честно, это вопрос во многом спорный.<br> Мы поделимся на этой странице одним из ярких рецептов. Это блюдо сложно назвать традиционным (хотя собственно почему?). Но по насыщенности вкусом ему нет равных в своем классе. <br> Изучите нашу инструкцию и вы узнаете как нужно готовить это вкусное блюдо, мы надеемся что из нее вы подчерпнете о популярном блюде кое-что новое. Как минимум, Вы точно будете уверены в том как приготовить салат из печени трески с рисом. Приятного аппетита!";;"1";"0";"salat-iz-pecheni-treski-s-risom";"Узнай как приготовить салат из печени трески с рисом. Подборка вкусных рецептов для дома с фото и видео. Читай!";"Салат из печени трески с рисом - простые пошаговые рецепты с фото и видео";;"1";"02.07.2017 20:49:57";"0000-00-00 00:00:00";"0000-00-00 00:00:00";;;;"0";;
;;;;;;;;;;"Салат с печенью трески без майонеза";;" Русская кулинария имеет достаточно много хитростей. Довольно часто то, что писали о ней классики, после пристального изучения становится неожиданным. Многие считают, что знание как приготовить салат с печенью трески без майонеза присуще молодой домохозяйке. Честно говоря, это вопрос довольно спорный.<br> Мы поделимся одним из доступных способов готовки этого блюда. Этот рецепт сложно называть выдающимся. Но по оригинальности ему, пожалуй, нет сильных соперников. <br> Ознакомьтесь с нашей статьей и вы узнаете как нужно готовить это вкусное блюдо, мы уверены что наша статья окажется интересной. Как минимум, Вы точно познакомитесь с тем как приготовить салат с печенью трески без майонеза. ";;"1";"0";"salat-s-pechenju-treski-bez-majoneza";"Узнай как приготовить салат с печенью трески без майонеза. Подборка вкусных рецептов для дома с фото и видео. Читай!";"Салат с печенью трески без майонеза - простые пошаговые рецепты с фото и видео";;"1";"02.07.2017 20:49:57";"0000-00-00 00:00:00";"0000-00-00 00:00:00";;;;"0";;
;;;;;;;;;;"Салат из тресковой печени";;" Традиционная кулинария имеет достаточно много секретов и даже тайн. Довольно часто то, что описано в классических трудах, при детальном разборе является не так очевидно. Считается, что понимание как приготовить салат из тресковой печени присуще и каждой домохозяйке. Честно говоря, это вопрос риторический.<br> Мы решили поделиться одним из доступных рецептов. Этот способ готовки вряд ли можно называть традиционным. Но по насыщенности вкусом ему нет сильных соперников. <br> Читайте нашу инструкцию и будете знать как правильно приготовить это вкуснейшее блюдо, наша статья может оказаться для вас интересной. Как минимум, Вы точно познакомитесь с тем как приготовить салат из тресковой печени. Приятного аппетита!";;"1";"0";"salat-iz-treskovoj-pecheni";"Узнай как приготовить салат из тресковой печени. Подборка вкусных рецептов для дома с фото и видео. Читай!";"Салат из тресковой печени - простые пошаговые рецепты с фото и видео";;"1";"02.07.2017 20:49:57";"0000-00-00 00:00:00";"0000-00-00 00:00:00";;;;"0";;
;;;;;;;;;;"Салат подсолнух с печенью трески";;" Обыденная кулинария, как оказывается, содержит достаточно много секретов. Традиционно считается, что понимание как приготовить салат подсолнух с печенью трески присуще молодой домохозяйке. Это вопрос во многом не простой.<br> Мы остановимся на самом ярком из рецептов. Этот рецепт нельзя считать выдающимся. Но по насыщенности вкусом ему сложно подыскать достойного соперника в своем классе. <br> Ознакомьтесь с нашей инструкцией и будете знать как правильно приготовить это вкуснейшее блюдо, наша статья будет для вас полезной. Вы точно будете уверены в том как приготовить салат подсолнух с печенью трески. Итак, устраивайтесь поудобнее, и мы начнем!";;"1";"0";"salat-podsolnuh-s-pechenju-treski";"Узнай как приготовить салат подсолнух с печенью трески. Подборка вкусных рецептов для дома с фото и видео. Читай!";"Салат подсолнух с печенью трески - простые пошаговые рецепты с фото и видео";;"1";"02.07.2017 20:49:57";"0000-00-00 00:00:00";"0000-00-00 00:00:00";;;;"0";;
;;;;;;;;;;"Салат с икрой трески";;"Довольно часто пользователи соцсети Вконтакте не уверены как приготовить салат с икрой трески. Впрочем, ничего слишком тяжелого в этом рецепте на самом деле, нет. Русская кулинария содержит много хитростей. Довольно часто то, что написано о ней классиками, после пристального изучения становится неожиданным. Традиционно считается, что знание как приготовить салат с икрой трески является простым для любой домохозяйки. Честно говоря, это вопрос не такой простой.<br> Мы остановимся на самом доступном из рецептов. Этот рецепт только с натяжкой можно назвать историческим (хотя почему?). Но по насыщенности вкусом ему сложно подобрать сильного соперника в своем классе. <br> Прочитайте нашу статью и вы узнаете как правильно приготовить это вкусное блюдо, наша статья может оказаться для вас интересной. Вы точно будете знать как приготовить салат с икрой трески. Приятного аппетита!";;"1";"0";"salat-s-ikroj-treski";"Узнай как приготовить салат с икрой трески. Подборка вкусных рецептов для дома с фото и видео. Читай!";"Салат с икрой трески - простые пошаговые рецепты с фото и видео";;"1";"02.07.2017 20:49:57";"0000-00-00 00:00:00";"0000-00-00 00:00:00";;;;"0";;
;;;;;;;;;;"Салат с рыбой и рисом";;"Некоторые любители программы "Все буде смачно" не знают как приготовить салат с рыбой и рисом. Между тем, этот вопрос не такой сложный как кажется. Обыденная кулинария, как оказывается, несет в себе достаточно много хитростей и даже тайн. Традиционно считается, что знание как приготовить салат с рыбой и рисом присуще начинающей домохозяйке. Это вопрос довольно неоднозначный.<br> Мы же остановимся на самом доступном из рецептов. Это блюдо нельзя считать традиционным (хотя собственно почему?). Но по своему вкусу ему нет конкурентов. <br> Читайте нашу инструкцию и вы узнаете как нужно готовить это вкусное блюдо, мы уверены что наша статья окажется интересной. Вы точно будете знать как приготовить салат с рыбой и рисом. ";;"1";"0";"salat-s-ryboj-i-risom";"Узнай как приготовить салат с рыбой и рисом. Подборка вкусных рецептов для дома с фото и видео. Читай!";"Салат с рыбой и рисом - простые пошаговые рецепты с фото и видео";;"1";"02.07.2017 20:49:57";"0000-00-00 00:00:00";"0000-00-00 00:00:00";;;;"0";;
;;;;;;;;;;"Салат из копченой трески";;" Привычная кулинария несет в себе много загадок. Традиционно считается, что понимание как приготовить салат из копченой трески является доступным для любой хозяйки. Честно говоря, это вопрос довольно спорный.<br> Мы решили остановиться на наиболее ярком из рецептов. Этот рецепт нельзя называть выдающимся. Но по своему вкусу ему сложно найти достойного соперника в своем классе. <br> Ознакомьтесь с нашей инструкцией и вы узнаете как правильно приготовить это вкусное блюдо, мы уверены что наша статья может оказаться для вас полезной. По крайней мере, Вы точно будете знать как приготовить салат из копченой трески. ";;"1";"0";"salat-iz-kopchenoj-treski";"Узнай как приготовить салат из копченой трески. Подборка вкусных рецептов для дома с фото и видео. Читай!";"Салат из копченой трески - простые пошаговые рецепты с фото и видео";;"1";"02.07.2017 20:49:57";"0000-00-00 00:00:00";"0000-00-00 00:00:00";;;;"0";;
;;;;;;;;;;"Салат с красной рыбой слоями";;"Как правило, молодые любители кулинарных программ не уверены как приготовить салат с красной рыбой слоями. Однако, этот рецепт не такой сложный как кажется. Привычная кухня имеет достаточно много хитростей. Традиционно считается, что знание как приготовить салат с красной рыбой слоями присуще и каждой домохозяйке. Честно говоря, это вопрос не простой.<br> Мы поделимся в этой статье одним из ярких способов готовки этого блюда. Это блюдо нельзя называть традиционным. Но по своей яркости ему, пожалуй, сложно выбрать сильного конкурента в своем классе. <br> Прочитайте нашу статью и узнайте как нужно готовить это вкуснейшее блюдо, мы думаем что наша статья будет интересной. Вы точно познакомитесь с тем как приготовить салат с красной рыбой слоями. Итак, устраивайтесь поудобнее, и мы начнем!";;"1";"0";"salat-s-krasnoj-ryboj-slojami";"Узнай как приготовить салат с красной рыбой слоями. Подборка вкусных рецептов для дома с фото и видео. Читай!";"Салат с красной рыбой слоями - простые пошаговые рецепты с фото и видео";;"1";"02.07.2017 20:49:57";"0000-00-00 00:00:00";"0000-00-00 00:00:00";;;;"0";;
;;;;;;;;;;"Салат сельдерей яблоко";;"Довольно часто пользователи интернета не уверены как приготовить салат сельдерей яблоко. Впрочем, этот рецепт не такой сложный как кажется. Обыденная кухня, как оказывается, несет в себе много загадок. Многие считают, что понимание как приготовить салат сельдерей яблоко является доступным для начинающей домохозяйки. Это вопрос неоднозначный.<br> Мы решили поделиться в этой статье одним из простых рецептов. Этот рецепт сложно считать историческим (хотя собственно почему?). Но по оригинальности ему нет соперников в своем классе. <br> Ознакомьтесь с нашей статьей и вы узнаете как правильно приготовить это вкусное блюдо, наша статья может оказаться для вас полезной. Вы точно узнаете как приготовить салат сельдерей яблоко. Желаем Вам приятного чтения!";;"1";"0";"salat-selderej-jabloko";"Узнай как приготовить салат сельдерей яблоко. Подборка вкусных рецептов для дома с фото и видео. Читай!";"Салат сельдерей яблоко - простые пошаговые рецепты с фото и видео";;"1";"02.07.2017 20:49:57";"0000-00-00 00:00:00";"0000-00-00 00:00:00";;;;"0";;
;;;;;;;;;;"Салат с консервированным тунцом";;"Некоторые молодые хозяйки не уверены как приготовить салат с консервированным тунцом. Между тем, этот рецепт не такой сложный как кажется. Привычная кухня, как оказывается, содержит много хитростей. Даже то, что написано о ней классиками, при детальном разборе является неожиданным. Традиционно считается, что знание как приготовить салат с консервированным тунцом является простым для молодой хозяйки. Скажем честно, это вопрос спорный.<br> Мы остановимся на самом ярком из рецептов. Это блюдо только с натяжкой можно назвать традиционным (хотя собственно почему?). Но по своему вкусу ему, пожалуй, нет равных в своем классе. <br> Изучите нашу статью и узнайте как нужно готовить это вкуснейшее блюдо, мы надеемся что из нее вы подчерпнете много нового. Вы точно будете знать как приготовить салат с консервированным тунцом. ";;"1";"0";"salat-s-konservirovannym-tuncom";"Узнай как приготовить салат с консервированным тунцом. Подборка вкусных рецептов для дома с фото и видео. Читай!";"Салат с консервированным тунцом - простые пошаговые рецепты с фото и видео";;"1";"02.07.2017 20:49:57";"0000-00-00 00:00:00";"0000-00-00 00:00:00";;;;"0";;
;;;;;;;;;;"Салат с тунцом";;" Классическая кухня имеет достаточно много хитростей и даже тайн. Даже то, что описано в классических трудах, при подробном знакомстве с предметом становится неожиданным. Многие считают, что знание как приготовить салат с тунцом является доступным для каждой хозяйки. Честно говоря, это вопрос во многом не очень простой.<br> Мы поделимся в этой статье одним из доступных рецептов. Этот рецепт нельзя считать традиционным (хотя собственно почему?). Но по насыщенности вкусом ему нет достойных соперников. <br> Прочитайте нашу статью и будете знать как правильно приготовить это вкусное блюдо, из нее вы узнаете много нового. Как минимум, Вы точно познакомитесь с тем как приготовить салат с тунцом. Итак, устраивайтесь поудобнее, мы начинаем!";;"1";"0";"salat-s-tuncom";"Узнай как приготовить салат с тунцом. Подборка вкусных рецептов для дома с фото и видео. Читай!";"Салат с тунцом - простые пошаговые рецепты с фото и видео";;"1";"02.07.2017 20:49:57";"0000-00-00 00:00:00";"0000-00-00 00:00:00";;;;"0";;
;;;;;;;;;;"Салат з тунцем";;" Привычная кухня содержит много секретов и даже тайн. Считается, что знание как приготовить салат з тунцем присуще любой начинающей домохозяйке. Вынуждены признать, это вопрос во многом риторический.<br> Мы поделимся одним из ярких способов готовки этого блюда. Этот способ готовки вряд ли можно называть историческим (хотя собственно почему?). Но по оригинальности ему, пожалуй, нет равных в своем классе. <br> Ознакомьтесь с нашей статьей и будете знать как нужно готовить это вкусное блюдо, из нее вы подчерпнете для себя что-то новое. По крайней мере, Вы точно узнаете как приготовить салат з тунцем. Итак, устраивайтесь поудобнее, и мы начнем!";;"1";"0";"salat-z-tuncem";"Узнай как приготовить салат з тунцем. Подборка вкусных рецептов для дома с фото и видео. Читай!";"Салат з тунцем - простые пошаговые рецепты с фото и видео";;"1";"02.07.2017 20:49:57";"0000-00-00 00:00:00";"0000-00-00 00:00:00";;;;"0";;
;;;;;;;;;;"Салат из тунца и яиц";;" Обыденная кухня содержит много загадок. Многие считают, что знание как приготовить салат из тунца и яиц присуще любой начинающей хозяйке. Честно говоря, это вопрос спорный.<br> Мы решили остановиться на наиболее ярком из рецептов. Этот рецепт вряд ли можно называть выдающимся (хотя собственно почему?). Но по оригинальности ему нет равных. <br> Ознакомьтесь с нашей статьей и узнайте как правильно приготовить это вкусное блюдо, наша статья окажется интересной. По крайней мере, Вы точно познакомитесь с тем как приготовить салат из тунца и яиц. Итак, устраивайтесь поудобнее, мы начинаем!";;"1";"0";"salat-iz-tunca-i-jaic";"Узнай как приготовить салат из тунца и яиц. Подборка вкусных рецептов для дома с фото и видео. Читай!";"Салат из тунца и яиц - простые пошаговые рецепты с фото и видео";;"1";"02.07.2017 20:49:57";"0000-00-00 00:00:00";"0000-00-00 00:00:00";;;;"0";;
;;;;;;;;;;"Салат с тунцом и кукурузой";;" Привычная кулинария имеет много секретов и даже тайн. Даже то, что написано о ней классиками, при подробном знакомстве с предметом становится неожиданным. Традиционно считается, что знание как приготовить салат с тунцом и кукурузой является известным для зрелой домохозяйки. Это вопрос во многом не такой простой.<br> Мы решили поделиться с вами одним из самых доступных рецептов. Этот способ готовки сложно называть историческим (хотя собственно почему?). Но по насыщенности вкусом ему, пожалуй, сложно подобрать сильного соперника. <br> Ознакомьтесь с нашей инструкцией и будете знать как нужно готовить это вкуснейшее блюдо, мы думаем что наша статья может оказаться интересной. По крайней мере, Вы точно будете знать как приготовить салат с тунцом и кукурузой. Приятного чтения!";;"1";"0";"salat-s-tuncom-i-kukuruzoj";"Узнай как приготовить салат с тунцом и кукурузой. Подборка вкусных рецептов для дома с фото и видео. Читай!";"Салат с тунцом и кукурузой - простые пошаговые рецепты с фото и видео";;"1";"02.07.2017 20:49:57";"0000-00-00 00:00:00";"0000-00-00 00:00:00";;;;"0";;
;;;;;;;;;;"Салат с тунцом и помидорами";;"Многие молодые телезрители кулинарных программ не знают как приготовить салат с тунцом и помидорами. Впрочем, этот рецепт не такой сложный как кажется. Русская кухня имеет достаточно много секретов. Традиционно считается, что знание как приготовить салат с тунцом и помидорами является известным для любой домохозяйки. Вынуждены признать, это вопрос довольно не простой.<br> Мы же остановимся на наиболее ярком из рецептов. Это блюдо сложно называть историческим. Но по насыщенности вкусом ему сложно выбрать сильного конкурента в своем классе. <br> Ознакомьтесь с нашей статьей и узнайте как нужно готовить это вкуснейшее блюдо, наша статья окажется полезной. Вы точно узнаете как приготовить салат с тунцом и помидорами. Приятного аппетита!";;"1";"0";"salat-s-tuncom-i-pomidorami";"Узнай как приготовить салат с тунцом и помидорами. Подборка вкусных рецептов для дома с фото и видео. Читай!";"Салат с тунцом и помидорами - простые пошаговые рецепты с фото и видео";;"1";"02.07.2017 20:49:57";"0000-00-00 00:00:00";"0000-00-00 00:00:00";;;;"0";;
;;;;;;;;;;"Салат с тунцом и пекинской капустой";;"Как правило, молодые хозяйки не уверены как приготовить салат с тунцом и пекинской капустой. Впрочем, этот рецепт довольно простой. Русская кухня, как оказывается, несет в себе достаточно много хитростей и даже тайн. Довольно часто то, что написано о ней классиками, после пристального изучения оказывается неожиданным. Традиционно считается, что знание как приготовить салат с тунцом и пекинской капустой является простым для каждой хозяйки. Так ли это – вопрос неоднозначный.<br> Мы же остановимся на самом доступном из рецептов. Это блюдо сложно назвать традиционным (хотя собственно почему?). Но по насыщенности вкусом ему, пожалуй, сложно выбрать соперника. <br> Изучите нашу инструкцию и узнайте как правильно приготовить это вкусное блюдо, наша статья окажется для вас полезной. Как минимум, Вы точно будете знать как приготовить салат с тунцом и пекинской капустой. Приятного аппетита!";;"1";"0";"salat-s-tuncom-i-pekinskoj-kapustoj";"Узнай как приготовить салат с тунцом и пекинской капустой. Подборка вкусных рецептов для дома с фото и видео. Читай!";"Салат с тунцом и пекинской капустой - простые пошаговые рецепты с фото и видео";;"1";"02.07.2017 20:49:57";"0000-00-00 00:00:00";"0000-00-00 00:00:00";;;;"0";;
;;;;;;;;;;"Салат с тунцом и рисом";;"Как правило, домохозяйки не уверены как приготовить салат с тунцом и рисом. Однако, ничего нерешаемого в этом рецепте нет. Привычная кухня, как оказывается, несет в себе достаточно много хитростей и даже тайн. Даже то, что описано в классических трудах, после внимательного прочтения становится иногда удивительным. Многие считают, что знание как приготовить салат с тунцом и рисом является простым для молодой хозяйки. Это вопрос риторический.<br> Мы решили поделиться одним из доступных рецептов. Этот способ готовки сложно считать выдающимся. Но по своему вкусу ему, пожалуй, сложно подобрать достойного конкурента в своем классе. <br> Ознакомьтесь с нашей инструкцией и узнайте как правильно приготовить это вкусное блюдо, мы уверены что из нее вы узнаете много нового. Как минимум, Вы точно будете знать как приготовить салат с тунцом и рисом. ";;"1";"0";"salat-s-tuncom-i-risom";"Узнай как приготовить салат с тунцом и рисом. Подборка вкусных рецептов для дома с фото и видео. Читай!";"Салат с тунцом и рисом - простые пошаговые рецепты с фото и видео";;"1";"02.07.2017 20:49:57";"0000-00-00 00:00:00";"0000-00-00 00:00:00";;;;"0";;
;;;;;;;;;;"Салат с тунцом и картофелем";;"Довольно часто юные пользователи интернета не знают как приготовить салат с тунцом и картофелем. Впрочем, этот рецепт довольно простой. Обыденная кулинария, как оказывается, имеет много загадок и даже тайн. Многие считают, что знание как приготовить салат с тунцом и картофелем присуще любой и каждой хозяйке. Честно говоря, это вопрос довольно спорный.<br> Мы же решили остановиться на наиболее ярком из рецептов. Этот способ готовки нельзя считать историческим. Но по своей яркости ему нет достойных конкурентов. <br> Читайте нашу инструкцию и будете знать как нужно готовить это вкуснейшее блюдо, мы думаем что из нее вы узнаете о секретах готовки что-то новое. Как минимум, Вы точно будете знать как приготовить салат с тунцом и картофелем. Желаем Вам приятного чтения!";;"1";"0";"salat-s-tuncom-i-kartofelem";"Узнай как приготовить салат с тунцом и картофелем. Подборка вкусных рецептов для дома с фото и видео. Читай!";"Салат с тунцом и картофелем - простые пошаговые рецепты с фото и видео";;"1";"02.07.2017 20:49:57";"0000-00-00 00:00:00";"0000-00-00 00:00:00";;;;"0";;
;;;;;;;;;;"Салат мимоза с тунцом";;"Многие домохозяйки не знают как приготовить салат мимоза с тунцом. Между тем, ничего слишком тяжелого в этом блюде нет. Традиционная кухня содержит достаточно много загадок и даже тайн. Многие считают, что понимание как приготовить салат мимоза с тунцом присуще молодой домохозяйке. Честно говоря, это вопрос спорный.<br> Мы же решили остановиться на наиболее доступном из рецептов. Этот способ готовки нельзя считать историческим. Но по насыщенности вкусом ему, пожалуй, нет достойных конкурентов. <br> Ознакомьтесь с нашей инструкцией и вы узнаете как правильно приготовить это вкуснейшее блюдо, мы уверены что наша статья будет для вас интересной. Как минимум, Вы точно будете знать как приготовить салат мимоза с тунцом. ";;"1";"0";"salat-mimoza-s-tuncom";"Узнай как приготовить салат мимоза с тунцом. Подборка вкусных рецептов для дома с фото и видео. Читай!";"Салат мимоза с тунцом - простые пошаговые рецепты с фото и видео";;"1";"02.07.2017 20:49:57";"0000-00-00 00:00:00";"0000-00-00 00:00:00";;;;"0";;
;;;;;;;;;;"Салат с сардиной консервированной";;"Некоторые юные пользователи соцсетей сомневаются в том как приготовить салат с сардиной консервированной. Однако, ничего слишком тяжелого в этом вопросе нет. Классическая кулинария имеет достаточно много секретов и даже тайн. Довольно часто то, что написано о ней классиками, при подробном знакомстве с предметом оказывается иногда удивительным. Считается, что понимание как приготовить салат с сардиной консервированной присуще любой и каждой хозяйке. Так ли это – вопрос во многом неоднозначный.<br> Мы поделимся одним из ярких способов готовки этого блюда. Этот рецепт вряд ли можно считать традиционным (хотя почему?). Но по своей яркости ему нет достойных конкурентов в своем классе. <br> Ознакомьтесь с нашей статьей и узнайте как нужно готовить это вкуснейшее блюдо, из нее вы подчерпнете для себя что-то новое. По крайней мере, Вы точно познакомитесь с тем как приготовить салат с сардиной консервированной. ";;"1";"0";"salat-s-sardinoj-konservirovannoj";"Узнай как приготовить салат с сардиной консервированной. Подборка вкусных рецептов для дома с фото и видео. Читай!";"Салат с сардиной консервированной - простые пошаговые рецепты с фото и видео";;"1";"02.07.2017 20:49:57";"0000-00-00 00:00:00";"0000-00-00 00:00:00";;;;"0";;
;;;;;;;;;;"Салат со свежим тунцом";;" Русская кулинария несет в себе достаточно много хитростей. Довольно часто то, что написано о ней классиками, после внимательного прочтения оказывается не так очевидно. Традиционно считается, что знание как приготовить салат со свежим тунцом присуще любой начинающей домохозяйке. Это вопрос во многом неоднозначный.<br> Мы остановимся на наиболее доступном из рецептов. Этот рецепт только с натяжкой можно назвать традиционным. Но по своей яркости ему нет равных в своем классе. <br> Прочитайте нашу инструкцию и вы узнаете как нужно готовить это вкусное блюдо, мы надеемся что наша статья будет для вас полезной. Как минимум, Вы точно будете уверены в том как приготовить салат со свежим тунцом. Приятного чтения!";;"1";"0";"salat-so-svezhim-tuncom";"Узнай как приготовить салат со свежим тунцом. Подборка вкусных рецептов для дома с фото и видео. Читай!";"Салат со свежим тунцом - простые пошаговые рецепты с фото и видео";;"1";"02.07.2017 20:49:57";"0000-00-00 00:00:00";"0000-00-00 00:00:00";;;;"0";;
;;;;;;;;;;"Салат с тунцом и макаронами";;"Некоторые молодые домохозяйки не знают как приготовить салат с тунцом и макаронами. Однако, этот рецепт не такой сложный как кажется. Привычная кулинария содержит достаточно много секретов и даже тайн. Считается, что понимание как приготовить салат с тунцом и макаронами присуще опытной хозяйке. Так ли это – вопрос довольно неоднозначный.<br> Мы решили остановиться на наиболее простом из рецептов. Это блюдо нельзя считать традиционным (хотя почему?). Но по оригинальности ему, пожалуй, нет соперников в своем классе. <br> Изучите нашу инструкцию и узнайте как правильно приготовить это вкуснейшее блюдо, мы уверены что из нее вы узнаете для себя что-то новое. По крайней мере, Вы точно будете уверены в том как приготовить салат с тунцом и макаронами. ";;"1";"0";"salat-s-tuncom-i-makaronami";"Узнай как приготовить салат с тунцом и макаронами. Подборка вкусных рецептов для дома с фото и видео. Читай!";"Салат с тунцом и макаронами - простые пошаговые рецепты с фото и видео";;"1";"02.07.2017 20:49:57";"0000-00-00 00:00:00";"0000-00-00 00:00:00";;;;"0";;
;;;;;;;;;;"Салат с тунцом и айсбергом";;" Любая национальная кухня содержит много загадок. Довольно часто то, что написано о ней классиками, при детальном разборе является не так очевидно. Традиционно считается, что понимание как приготовить салат с тунцом и айсбергом присуще зрелой хозяйке. Вынуждены признать, это вопрос довольно не простой.<br> Мы решили поделиться в этой статье одним из доступных рецептов. Это блюдо сложно назвать выдающимся (хотя почему?). Но по оригинальности ему нет равных. <br> Ознакомьтесь с нашей инструкцией и узнайте как нужно готовить это вкуснейшее блюдо, наша статья окажется для вас интересной. Как минимум, Вы точно будете уверены в том как приготовить салат с тунцом и айсбергом. ";;"1";"0";"salat-s-tuncom-i-ajsbergom";"Узнай как приготовить салат с тунцом и айсбергом. Подборка вкусных рецептов для дома с фото и видео. Читай!";"Салат с тунцом и айсбергом - простые пошаговые рецепты с фото и видео";;"1";"02.07.2017 20:49:57";"0000-00-00 00:00:00";"0000-00-00 00:00:00";;;;"0";;
;;;;;;;;;;"Салат с тунцом и сельдереем";;" Традиционная кухня имеет достаточно много секретов. Даже то, что описано в классических трудах, после пристального изучения становится иногда удивительным. Традиционно считается, что понимание как приготовить салат с тунцом и сельдереем присуще любой начинающей домохозяйке. Честно говоря, это вопрос во многом не простой.<br> Мы же решили остановиться на наиболее простом из рецептов. Это блюдо сложно назвать историческим. Но по своей яркости ему нет сильных соперников. <br> Читайте нашу инструкцию и будете знать как нужно готовить это вкусное блюдо, мы думаем что наша статья окажется интересной. Вы точно познакомитесь с тем как приготовить салат с тунцом и сельдереем. Итак, устраивайтесь поудобнее, и мы начнем!";;"1";"0";"salat-s-tuncom-i-seldereem";"Узнай как приготовить салат с тунцом и сельдереем. Подборка вкусных рецептов для дома с фото и видео. Читай!";"Салат с тунцом и сельдереем - простые пошаговые рецепты с фото и видео";;"1";"02.07.2017 20:49:57";"0000-00-00 00:00:00";"0000-00-00 00:00:00";;;;"0";;
;;;;;;;;;;"Салат с тунцом и соленым огурцом";;" Классическая кухня несет в себе достаточно много хитростей и даже тайн. Считается, что знание как приготовить салат с тунцом и соленым огурцом присуще и каждой домохозяйке. Это вопрос спорный.<br> Мы решили поделиться на этой странице одним из самых простых способов готовки этого блюда. Этот способ готовки нельзя считать историческим. Но по насыщенности вкусом ему нет сильных соперников в своем классе. <br> Читайте нашу статью и будете знать как правильно приготовить это вкуснейшее блюдо, мы думаем что из нее вы подчерпнете о популярном блюде много нового. Вы точно будете уверены в том как приготовить салат с тунцом и соленым огурцом. Желаем Вам приятного чтения!";;"1";"0";"salat-s-tuncom-i-solenym-ogurcom";"Узнай как приготовить салат с тунцом и соленым огурцом. Подборка вкусных рецептов для дома с фото и видео. Читай!";"Салат с тунцом и соленым огурцом - простые пошаговые рецепты с фото и видео";;"1";"02.07.2017 20:49:57";"0000-00-00 00:00:00";"0000-00-00 00:00:00";;;;"0";;
;;;;;;;;;;"Салат из цветной капусты с помидорами";;"Некоторые юные домохозяйки сомневаются в том как приготовить салат из цветной капусты с помидорами. Между тем, ничего невозможного в этом вопросе нет. Любая национальная кухня содержит достаточно много хитростей и даже тайн. Традиционно считается, что знание как приготовить салат из цветной капусты с помидорами присуще зрелой домохозяйке. Честно говоря, это вопрос во многом риторический.<br> Мы же остановимся на наиболее простом из рецептов. Этот рецепт нельзя называть выдающимся. Но по оригинальности ему нет достойных конкурентов в своем классе. <br> Читайте нашу инструкцию и будете знать как нужно готовить это вкусное блюдо, из нее вы узнаете много нового. По крайней мере, Вы точно будете знать как приготовить салат из цветной капусты с помидорами. Желаем Вам приятного чтения!";;"1";"0";"salat-iz-cvetnoj-kapusty-s-pomidorami";"Узнай как приготовить салат из цветной капусты с помидорами. Подборка вкусных рецептов для дома с фото и видео. Читай!";"Салат из цветной капусты с помидорами - простые пошаговые рецепты с фото и видео";;"1";"02.07.2017 20:49:57";"0000-00-00 00:00:00";"0000-00-00 00:00:00";;;;"0";;
;;;;;;;;;;"Салат из цветной капусты с майонезом";;"Как правило, молодые телезрители кулинарных программ сомневаются в том как приготовить салат из цветной капусты с майонезом. Однако, ничего слишком тяжелого в этом вопросе на самом деле, нет. Русская кулинария содержит много хитростей. Даже то, что описано в классических трудах, после внимательного прочтения является неожиданным. Традиционно считается, что знание как приготовить салат из цветной капусты с майонезом является доступным для любой хозяйки. Честно говоря, это вопрос не простой.<br> Мы остановимся на наиболее доступном из рецептов. Этот способ готовки сложно назвать историческим (хотя собственно почему?). Но по оригинальности ему, пожалуй, сложно подобрать соперника. <br> Ознакомьтесь с нашей инструкцией и узнайте как правильно приготовить это вкусное блюдо, мы уверены что наша статья может оказаться полезной. Как минимум, Вы точно узнаете как приготовить салат из цветной капусты с майонезом. ";;"1";"0";"salat-iz-cvetnoj-kapusty-s-majonezom";"Узнай как приготовить салат из цветной капусты с майонезом. Подборка вкусных рецептов для дома с фото и видео. Читай!";"Салат из цветной капусты с майонезом - простые пошаговые рецепты с фото и видео";;"1";"02.07.2017 20:49:57";"0000-00-00 00:00:00";"0000-00-00 00:00:00";;;;"0";;
;;;;;;;;;;"Салат из сырой цветной капусты";;" Русская кухня имеет много секретов. Считается, что понимание как приготовить салат из сырой цветной капусты является известным для зрелой домохозяйки. Это вопрос довольно не простой.<br> Мы решили поделиться одним из ярких рецептов. Этот способ готовки только с натяжкой можно называть историческим. Но по насыщенности вкусом ему, пожалуй, нет достойных соперников в своем классе. <br> Изучите нашу статью и узнайте как правильно приготовить это вкусное блюдо, мы думаем что наша статья окажется интересной. По крайней мере, Вы точно узнаете как приготовить салат из сырой цветной капусты. Итак, устраивайтесь поудобнее, мы начинаем!";;"1";"0";"salat-iz-syroj-cvetnoj-kapusty";"Узнай как приготовить салат из сырой цветной капусты. Подборка вкусных рецептов для дома с фото и видео. Читай!";"Салат из сырой цветной капусты - простые пошаговые рецепты с фото и видео";;"1";"02.07.2017 20:49:57";"0000-00-00 00:00:00";"0000-00-00 00:00:00";;;;"0";;
;;;;;;;;;;"Салат из брокколи и цветной капусты";;" Любая национальная кулинария несет в себе достаточно много секретов. Довольно часто то, что писали о ней кулинарные эксперты, после пристального изучения становится неожиданным. Традиционно считается, что понимание как приготовить салат из брокколи и цветной капусты является доступным для каждой домохозяйки. Это вопрос неоднозначный.<br> Мы остановимся на самом простом из рецептов. Этот способ готовки вряд ли можно назвать выдающимся. Но по оригинальности ему сложно найти достойного конкурента. <br> Ознакомьтесь с нашей статьей и вы узнаете как правильно приготовить это вкусное блюдо, из нее вы узнаете о популярном блюде что-то новое. Вы точно будете знать как приготовить салат из брокколи и цветной капусты. Приятного чтения!";;"1";"0";"salat-iz-brokkoli-i-cvetnoj-kapusty";"Узнай как приготовить салат из брокколи и цветной капусты. Подборка вкусных рецептов для дома с фото и видео. Читай!";"Салат из брокколи и цветной капусты - простые пошаговые рецепты с фото и видео";;"1";"02.07.2017 20:49:57";"0000-00-00 00:00:00";"0000-00-00 00:00:00";;;;"0";;
;;;;;;;;;;"Салат из цветной капусты по корейски";;"Некоторые юные любители программы "Мастер-шеф" не уверены как приготовить салат из цветной капусты по корейски. Однако, этот вопрос не такой уж сложный. Русская кулинария содержит достаточно много секретов и даже тайн. Считается, что понимание как приготовить салат из цветной капусты по корейски является простым для зрелой хозяйки. Так ли это – вопрос довольно неоднозначный.<br> Мы решили остановиться на наиболее простом из рецептов. Это блюдо только с натяжкой можно называть выдающимся. Но по своей яркости ему нет конкурентов в своем классе. <br> Прочитайте нашу инструкцию и будете знать как правильно приготовить это вкуснейшее блюдо, мы думаем что наша статья окажется для вас полезной. Вы точно познакомитесь с тем как приготовить салат из цветной капусты по корейски. ";;"1";"0";"salat-iz-cvetnoj-kapusty-po-korejski";"Узнай как приготовить салат из цветной капусты по корейски. Подборка вкусных рецептов для дома с фото и видео. Читай!";"Салат из цветной капусты по корейски - простые пошаговые рецепты с фото и видео";;"1";"02.07.2017 20:49:57";"0000-00-00 00:00:00";"0000-00-00 00:00:00";;;;"0";;
;;;;;;;;;;"Салаты на зиму из капусты";;" Традиционная кулинария, как оказывается, несет в себе много хитростей. Традиционно считается, что понимание как приготовить салаты на зиму из капусты присуще любой начинающей хозяйке. Скажем честно, это вопрос довольно не простой.<br> Мы остановимся на самом доступном из рецептов. Это блюдо сложно называть историческим (хотя собственно почему?). Но по своей яркости ему сложно найти соперника в своем классе. <br> Ознакомьтесь с нашей статьей и будете знать как правильно приготовить это вкуснейшее блюдо, наша статья окажется интересной. Как минимум, Вы точно познакомитесь с тем как приготовить салаты на зиму из капусты. Приятного аппетита!";;"1";"0";"salaty-na-zimu-iz-kapusty";"Узнай как приготовить салаты на зиму из капусты. Подборка вкусных рецептов для дома с фото и видео. Читай!";"Салаты на зиму из капусты - простые пошаговые рецепты с фото и видео";;"1";"02.07.2017 20:49:57";"0000-00-00 00:00:00";"0000-00-00 00:00:00";;;;"0";;
;;;;;;;;;;"Салат с цветной капустой и курицей";;"Некоторые хозяйки не уверены как приготовить салат с цветной капустой и курицей. Между тем, этот вопрос не такой сложный как кажется. Привычная кухня имеет много загадок. Многие считают, что знание как приготовить салат с цветной капустой и курицей присуще любой молодой домохозяйке. Скажем честно, это вопрос во многом риторический.<br> Мы поделимся с вами одним из самых ярких способов готовки этого блюда. Этот рецепт нельзя считать выдающимся. Но по своей яркости ему нет равных в своем классе. <br> Ознакомьтесь с нашей инструкцией и вы узнаете как правильно приготовить это вкуснейшее блюдо, мы надеемся что наша статья окажется интересной. По крайней мере, Вы точно узнаете как приготовить салат с цветной капустой и курицей. Приятного аппетита!";;"1";"0";"salat-s-cvetnoj-kapustoj-i-kuricej";"Узнай как приготовить салат с цветной капустой и курицей. Подборка вкусных рецептов для дома с фото и видео. Читай!";"Салат с цветной капустой и курицей - простые пошаговые рецепты с фото и видео";;"1";"02.07.2017 20:49:57";"0000-00-00 00:00:00";"0000-00-00 00:00:00";;;;"0";;
;;;;;;;;;;"Теплый салат с курицей";;"Многие пользователи соцсети Вконтакте не уверены как приготовить теплый салат с курицей. Впрочем, этот вопрос не такой сложный как кажется. Классическая кухня несет в себе много секретов и даже тайн. Традиционно считается, что знание как приготовить теплый салат с курицей присуще и каждой домохозяйке. Это вопрос во многом неоднозначный.<br> Мы решили остановиться на наиболее ярком из рецептов. Этот рецепт сложно считать историческим (хотя почему?). Но по своему вкусу ему, пожалуй, сложно выбрать достойного соперника в своем классе. <br> Изучите нашу инструкцию и будете знать как правильно приготовить это вкуснейшее блюдо, из нее вы подчерпнете кое-что новое. По крайней мере, Вы точно узнаете как приготовить теплый салат с курицей. Итак, устраивайтесь поудобнее, мы начинаем!";;"1";"0";"teplyj-salat-s-kuricej";"Узнай как приготовить теплый салат с курицей. Подборка вкусных рецептов для дома с фото и видео. Читай!";"Теплый салат с курицей - простые пошаговые рецепты с фото и видео";;"1";"02.07.2017 20:49:57";"0000-00-00 00:00:00";"0000-00-00 00:00:00";;;;"0";;
;;;;;;;;;;"Теплый салат с мясом";;"Как правило, молодые зрители программы "Все буде смачно" не уверены как приготовить теплый салат с мясом. Однако, ничего слишком сложного в этом вопросе на самом деле, нет. Традиционная кулинария, как оказывается, несет в себе много загадок и даже тайн. Многие считают, что понимание как приготовить теплый салат с мясом присуще любой опытной домохозяйке. Честно говоря, это вопрос не простой.<br> Мы же остановимся на самом простом из рецептов. Этот способ готовки только с натяжкой можно назвать выдающимся. Но по насыщенности вкусом ему, пожалуй, сложно выбрать конкурента. <br> Ознакомьтесь с нашей статьей и узнайте как нужно готовить это вкуснейшее блюдо, наша статья окажется для вас полезной. По крайней мере, Вы точно будете уверены в том как приготовить теплый салат с мясом. Приятного чтения!";;"1";"0";"teplyj-salat-s-mjasom";"Узнай как приготовить теплый салат с мясом. Подборка вкусных рецептов для дома с фото и видео. Читай!";"Теплый салат с мясом - простые пошаговые рецепты с фото и видео";;"1";"02.07.2017 20:49:57";"0000-00-00 00:00:00";"0000-00-00 00:00:00";;;;"0";;
;;;;;;;;;;"Теплый салат";;"Довольно часто юные пользователи интернета не уверены как приготовить теплый салат. Между тем, этот рецепт довольно простой. Русская кулинария, как оказывается, содержит достаточно много хитростей. Многие считают, что понимание как приготовить теплый салат является простым для каждой домохозяйки. Честно говоря, это вопрос довольно риторический.<br> Мы остановимся на самом ярком из рецептов. Этот способ готовки нельзя назвать традиционным (хотя собственно почему?). Но по своей яркости ему, пожалуй, сложно подобрать достойного соперника в своем классе. <br> Прочитайте нашу статью и вы узнаете как правильно приготовить это вкуснейшее блюдо, мы думаем что наша статья окажется для вас интересной. Как минимум, Вы точно познакомитесь с тем как приготовить теплый салат. Желаем Вам приятного чтения!";;"1";"0";"teplyj-salat";"Узнай как приготовить теплый салат. Подборка вкусных рецептов для дома с фото и видео. Читай!";"Теплый салат - простые пошаговые рецепты с фото и видео";;"1";"02.07.2017 20:49:57";"0000-00-00 00:00:00";"0000-00-00 00:00:00";;;;"0";;
;;;;;;;;;;"Салат с печенью";;"Многие молодые пользователи интернета не знают как приготовить салат с печенью. Однако, ничего слишком тяжелого в этом блюде нет. Классическая кухня, как оказывается, имеет много загадок. Считается, что понимание как приготовить салат с печенью является доступным для молодой домохозяйки. Скажем честно, это вопрос спорный.<br> Мы же решили остановиться на самом доступном из рецептов. Этот рецепт только с натяжкой можно называть историческим. Но по оригинальности ему нет сильных соперников в своем классе. <br> Ознакомьтесь с нашей статьей и вы узнаете как правильно приготовить это вкусное блюдо, мы надеемся что из нее вы узнаете о популярном блюде много нового. Как минимум, Вы точно узнаете как приготовить салат с печенью. Желаем Вам приятного чтения!";;"1";"0";"salat-s-pechenju";"Узнай как приготовить салат с печенью. Подборка вкусных рецептов для дома с фото и видео. Читай!";"Салат с печенью - простые пошаговые рецепты с фото и видео";;"1";"02.07.2017 20:49:57";"0000-00-00 00:00:00";"0000-00-00 00:00:00";;;;"0";;
;;;;;;;;;;"Горячий салат";;"Довольно часто домохозяйки сомневаются в том как приготовить горячий салат. Однако, ничего невозможного в этом рецепте нет. Традиционная кухня содержит достаточно много загадок. Даже то, что написано о ней классиками, после пристального изучения становится не так очевидно. Традиционно считается, что понимание как приготовить горячий салат присуще любой опытной домохозяйке. Честно говоря, это вопрос не совсем простой.<br> Мы поделимся в этой статье одним из самых ярких рецептов. Этот рецепт нельзя назвать традиционным (хотя почему?). Но по оригинальности ему нет равных. <br> Ознакомьтесь с нашей статьей и вы узнаете как нужно готовить это вкуснейшее блюдо, мы уверены что наша статья окажется интересной. Вы точно познакомитесь с тем как приготовить горячий салат. Желаем Вам приятного чтения!";;"1";"0";"gorjachij-salat";"Узнай как приготовить горячий салат. Подборка вкусных рецептов для дома с фото и видео. Читай!";"Горячий салат - простые пошаговые рецепты с фото и видео";;"1";"02.07.2017 20:49:57";"0000-00-00 00:00:00";"0000-00-00 00:00:00";;;;"0";;
;;;;;;;;;;"Теплый салат с курицей и грибами";;"Некоторые домохозяйки не уверены как приготовить теплый салат с курицей и грибами. Однако, ничего слишком невозможного в этом вопросе на самом деле, нет. Классическая кухня имеет достаточно много секретов и даже тайн. Считается, что понимание как приготовить теплый салат с курицей и грибами присуще зрелой домохозяйке. Честно говоря, это вопрос во многом не простой.<br> Мы поделимся в этой статье одним из простых рецептов. Этот способ готовки только с натяжкой можно называть историческим. Но по своему вкусу ему, пожалуй, нет равных в своем классе. <br> Прочитайте нашу инструкцию и узнайте как правильно приготовить это вкусное блюдо, наша статья окажется интересной. По крайней мере, Вы точно познакомитесь с тем как приготовить теплый салат с курицей и грибами. Приятного чтения!";;"1";"0";"teplyj-salat-s-kuricej-i-gribami";"Узнай как приготовить теплый салат с курицей и грибами. Подборка вкусных рецептов для дома с фото и видео. Читай!";"Теплый салат с курицей и грибами - простые пошаговые рецепты с фото и видео";;"1";"02.07.2017 20:49:57";"0000-00-00 00:00:00";"0000-00-00 00:00:00";;;;"0";;
;;;;;;;;;;"Тайский салат теплый";;"Многие любители кулинарных программ сомневаются в том как приготовить тайский салат теплый. Впрочем, этот вопрос не такой сложный как кажется. Традиционная кулинария, как оказывается, имеет много загадок. Считается, что знание как приготовить тайский салат теплый является известным для начинающей домохозяйки. Честно говоря, это вопрос довольно не очень простой.<br> Мы же решили остановиться на самом доступном из рецептов. Это блюдо вряд ли можно считать историческим. Но по своей яркости ему сложно найти достойного соперника в своем классе. <br> Прочитайте нашу инструкцию и будете знать как нужно готовить это вкуснейшее блюдо, мы думаем что наша статья окажется полезной. Как минимум, Вы точно будете уверены в том как приготовить тайский салат теплый. Итак, устраивайтесь поудобнее, и мы начнем!";;"1";"0";"tajskij-salat-teplyj";"Узнай как приготовить тайский салат теплый. Подборка вкусных рецептов для дома с фото и видео. Читай!";"Тайский салат теплый - простые пошаговые рецепты с фото и видео";;"1";"02.07.2017 20:49:57";"0000-00-00 00:00:00";"0000-00-00 00:00:00";;;;"0";;
;;;;;;;;;;"Теплый салат с говядиной и баклажанами";;" Классическая кулинария несет в себе много хитростей. Даже то, что писали о ней исследователи, после пристального изучения оказывается иногда удивительным. Традиционно считается, что понимание как приготовить теплый салат с говядиной и баклажанами присуще молодой домохозяйке. Честно говоря, это вопрос не совсем простой.<br> Мы поделимся с вами одним из самых ярких рецептов. Этот способ готовки только с натяжкой можно назвать традиционным (хотя собственно почему?). Но по насыщенности вкусом ему, пожалуй, сложно подобрать соперника. <br> Ознакомьтесь с нашей статьей и узнайте как правильно приготовить это вкуснейшее блюдо, из нее вы узнаете для себя что-то новое. Вы точно познакомитесь с тем как приготовить теплый салат с говядиной и баклажанами. ";;"1";"0";"teplyj-salat-s-govjadinoj-i-baklazhanami";"Узнай как приготовить теплый салат с говядиной и баклажанами. Подборка вкусных рецептов для дома с фото и видео. Читай!";"Теплый салат с говядиной и баклажанами - простые пошаговые рецепты с фото и видео";;"1";"02.07.2017 20:49:57";"0000-00-00 00:00:00";"0000-00-00 00:00:00";;;;"0";;
;;;;;;;;;;"Салат из печени свиной";;"Некоторые молодые домохозяйки не уверены как приготовить салат из печени свиной. Однако, этот вопрос довольно простой. Любая национальная кухня, как оказывается, содержит много хитростей и даже тайн. Даже то, что написано о ней классиками, при детальном разборе становится неожиданным. Считается, что знание как приготовить салат из печени свиной присуще молодой хозяйке. Это вопрос довольно неоднозначный.<br> Мы решили поделиться одним из самых ярких рецептов. Это блюдо вряд ли можно считать историческим. Но по насыщенности вкусом ему, пожалуй, нет достойных соперников в своем классе. <br> Ознакомьтесь с нашей инструкцией и вы узнаете как правильно приготовить это вкуснейшее блюдо, мы надеемся что наша статья будет интересной. Вы точно будете уверены в том как приготовить салат из печени свиной. Приятного аппетита!";;"1";"0";"salat-iz-pecheni-svinoj";"Узнай как приготовить салат из печени свиной. Подборка вкусных рецептов для дома с фото и видео. Читай!";"Салат из печени свиной - простые пошаговые рецепты с фото и видео";;"1";"02.07.2017 20:49:57";"0000-00-00 00:00:00";"0000-00-00 00:00:00";;;;"0";;
;;;;;;;;;;"Салат с куриной печенью и помидорами черри";;" Привычная кухня, как оказывается, имеет достаточно много загадок и даже тайн. Традиционно считается, что понимание как приготовить салат с куриной печенью и помидорами черри присуще опытной домохозяйке. Это вопрос во многом неоднозначный.<br> Мы же остановимся на наиболее простом из рецептов. Этот способ готовки только с натяжкой можно считать историческим. Но по оригинальности ему, пожалуй, нет достойных конкурентов. <br> Ознакомьтесь с нашей инструкцией и вы узнаете как правильно приготовить это вкусное блюдо, из нее вы узнаете много нового. Вы точно будете уверены в том как приготовить салат с куриной печенью и помидорами черри. Итак, устраивайтесь поудобнее, мы начинаем!";;"1";"0";"salat-s-kurinoj-pechenju-i-pomidorami-cherri";"Узнай как приготовить салат с куриной печенью и помидорами черри. Подборка вкусных рецептов для дома с фото и видео. Читай!";"Салат с куриной печенью и помидорами черри - простые пошаговые рецепты с фото и видео";;"1";"02.07.2017 20:49:57";"0000-00-00 00:00:00";"0000-00-00 00:00:00";;;;"0";;
;;;;;;;;;;"Салат с печенью говядины";;"Как правило, молодые пользователи соцсетей не уверены как приготовить салат с печенью говядины. Между тем, этот рецепт довольно простой. Обыденная кухня, как оказывается, содержит достаточно много хитростей. Традиционно считается, что понимание как приготовить салат с печенью говядины является доступным для зрелой домохозяйки. Честно говоря, это вопрос довольно неоднозначный.<br> Мы же остановимся на наиболее ярком из рецептов. Это блюдо вряд ли можно называть историческим (хотя почему?). Но по своему вкусу ему, пожалуй, нет равных в своем классе. <br> Читайте нашу статью и узнайте как правильно приготовить это вкусное блюдо, мы думаем что из нее вы узнаете о популярном блюде кое-что новое. По крайней мере, Вы точно познакомитесь с тем как приготовить салат с печенью говядины. Желаем Вам приятного чтения!";;"1";"0";"salat-s-pechenju-govjadiny";"Узнай как приготовить салат с печенью говядины. Подборка вкусных рецептов для дома с фото и видео. Читай!";"Салат с печенью говядины - простые пошаговые рецепты с фото и видео";;"1";"02.07.2017 20:49:57";"0000-00-00 00:00:00";"0000-00-00 00:00:00";;;;"0";;
;;;;;;;;;;"Фруктовый салат";;" Классическая кулинария, как оказывается, несет в себе достаточно много хитростей. Традиционно считается, что знание как приготовить фруктовый салат присуще любой зрелой хозяйке. Это вопрос во многом не простой.<br> Мы же остановимся на самом простом из рецептов. Этот способ готовки сложно называть историческим (хотя собственно почему?). Но по насыщенности вкусом ему нет соперников в своем классе. <br> Ознакомьтесь с нашей инструкцией и будете знать как нужно готовить это вкуснейшее блюдо, наша статья может оказаться полезной. По крайней мере, Вы точно будете уверены в том как приготовить фруктовый салат. Желаем Вам приятного чтения!";;"1";"0";"fruktovyj-salat";"Узнай как приготовить фруктовый салат. Подборка вкусных рецептов для дома с фото и видео. Читай!";"Фруктовый салат - простые пошаговые рецепты с фото и видео";;"1";"02.07.2017 20:49:57";"0000-00-00 00:00:00";"0000-00-00 00:00:00";;;;"0";;
;;;;;;;;;;"Фруктовый салат с йогуртом";;" Привычная кухня, как оказывается, содержит много загадок и даже тайн. Довольно часто то, что писали о ней классики, при подробном знакомстве с предметом оказывается не совсем очевидно. Считается, что понимание как приготовить фруктовый салат с йогуртом присуще молодой хозяйке. Так ли это – вопрос не простой.<br> Мы поделимся на этой странице одним из доступных рецептов. Этот способ готовки только с натяжкой можно называть традиционным. Но по оригинальности ему, пожалуй, нет достойных конкурентов в своем классе. <br> Ознакомьтесь с нашей статьей и вы узнаете как нужно готовить это вкусное блюдо, из нее вы узнаете о популярном блюде много нового. Как минимум, Вы точно будете уверены в том как приготовить фруктовый салат с йогуртом. Приятного чтения!";;"1";"0";"fruktovyj-salat-s-jogurtom";"Узнай как приготовить фруктовый салат с йогуртом. Подборка вкусных рецептов для дома с фото и видео. Читай!";"Фруктовый салат с йогуртом - простые пошаговые рецепты с фото и видео";;"1";"02.07.2017 20:49:57";"0000-00-00 00:00:00";"0000-00-00 00:00:00";;;;"0";;
;;;;;;;;;;"Салат с ананасами и курицей и грибами";;"Некоторые молодые домохозяйки не уверены как приготовить салат с ананасами и курицей и грибами. Однако, этот вопрос не такой сложный как кажется. Привычная кухня содержит много загадок и даже тайн. Традиционно считается, что понимание как приготовить салат с ананасами и курицей и грибами присуще молодой хозяйке. Честно говоря, это вопрос довольно спорный.<br> Мы остановимся на самом ярком из рецептов. Это блюдо нельзя назвать традиционным (хотя собственно почему?). Но по своей яркости ему нет равных. <br> Ознакомьтесь с нашей инструкцией и вы узнаете как правильно приготовить это вкусное блюдо, мы надеемся что наша статья окажется для вас интересной. Вы точно узнаете как приготовить салат с ананасами и курицей и грибами. Итак, устраивайтесь поудобнее, мы начинаем!";;"1";"0";"salat-s-ananasami-i-kuricej-i-gribami";"Узнай как приготовить салат с ананасами и курицей и грибами. Подборка вкусных рецептов для дома с фото и видео. Читай!";"Салат с ананасами и курицей и грибами - простые пошаговые рецепты с фото и видео";;"1";"02.07.2017 20:49:57";"0000-00-00 00:00:00";"0000-00-00 00:00:00";;;;"0";;
;;;;;;;;;;"Салат из ананаса и копченой курицы";;"Некоторые хозяйки не уверены как приготовить салат из ананаса и копченой курицы. Между тем, этот вопрос не такой сложный как кажется. Классическая кулинария несет в себе достаточно много загадок. Довольно часто то, что писали о ней исследователи, после внимательного прочтения является иногда удивительным. Многие считают, что знание как приготовить салат из ананаса и копченой курицы является присущим для молодой хозяйки. Честно говоря, это вопрос не совсем простой.<br> Мы остановимся на наиболее простом из рецептов. Это блюдо сложно назвать выдающимся. Но по своей яркости ему нет сильных соперников в своем классе. <br> Прочитайте нашу инструкцию и вы узнаете как правильно приготовить это вкуснейшее блюдо, мы надеемся что из нее вы подчерпнете о кулинарии и кухне кое-что новое. Вы точно будете знать как приготовить салат из ананаса и копченой курицы. Приятного аппетита!";;"1";"0";"salat-iz-ananasa-i-kopchenoj-kuricy";"Узнай как приготовить салат из ананаса и копченой курицы. Подборка вкусных рецептов для дома с фото и видео. Читай!";"Салат из ананаса и копченой курицы - простые пошаговые рецепты с фото и видео";;"1";"02.07.2017 20:49:57";"0000-00-00 00:00:00";"0000-00-00 00:00:00";;;;"0";;
;;;;;;;;;;"Детские салаты";;" Классическая кухня, как оказывается, содержит достаточно много секретов и даже тайн. Довольно часто то, что писали о ней классики, при подробном знакомстве с предметом становится иногда удивительным. Традиционно считается, что понимание как приготовить детские салаты является известным для молодой хозяйки. Честно говоря, это вопрос довольно спорный.<br> Мы решили поделиться в этой статье одним из простых рецептов. Это блюдо вряд ли можно считать выдающимся. Но по своему вкусу ему нет равных. <br> Читайте нашу инструкцию и будете знать как правильно приготовить это вкуснейшее блюдо, мы думаем что из нее вы узнаете о кулинарии и кухне много нового. Вы точно будете знать как приготовить детские салаты. Итак, устраивайтесь поудобнее, и мы начнем!";;"1";"0";"detskie-salaty";"Узнай как приготовить детские салаты. Подборка вкусных рецептов для дома с фото и видео. Читай!";"Детские салаты - простые пошаговые рецепты с фото и видео";;"1";"02.07.2017 20:49:57";"0000-00-00 00:00:00";"0000-00-00 00:00:00";;;;"0";;
;;;;;;;;;;"Салат с киви";;"Некоторые пользователи соцсети Фейсбук не знают как приготовить салат с киви. Между тем, этот вопрос не такой сложный как кажется. Любая национальная кухня, как оказывается, содержит много загадок. Даже то, что описано в классических трудах, после внимательного прочтения оказывается неожиданным. Считается, что знание как приготовить салат с киви является простым для молодой домохозяйки. Честно говоря, это вопрос не простой.<br> Мы решили поделиться на этой странице одним из самых доступных рецептов. Этот способ готовки сложно называть историческим. Но по своей яркости ему сложно найти конкурента в своем классе. <br> Ознакомьтесь с нашей статьей и будете знать как правильно приготовить это вкуснейшее блюдо, из нее вы узнаете о популярном блюде много нового. Вы точно познакомитесь с тем как приготовить салат с киви. Приятного аппетита!";;"1";"0";"salat-s-kivi";"Узнай как приготовить салат с киви. Подборка вкусных рецептов для дома с фото и видео. Читай!";"Салат с киви - простые пошаговые рецепты с фото и видео";;"1";"02.07.2017 20:49:57";"0000-00-00 00:00:00";"0000-00-00 00:00:00";;;;"0";;
