"GUID идентификатор элемента";"Название элемента";"Путь для раздела";"Адрес (youtube)";"Заголовок2-1";"Ссылка2-1";"Описание2-1";"Заголовок3-1";"Ссылка3-1";"Описание3-1";"Заголовок4-1";"Ссылка4-1";"Описание4-1";"Заголовок5-1";"Ссылка5-1";"Описание5-1";
"7C420BBA-0C97-7896-2EE9-5765E1A2B859";"Как получить налоговый вычет";"kak-poluchit-nalogovyy-vychet";"2ESeA74yEX8";"Как получить налоговый вычет при покупке квартиры в 2017 году?";"null";"";"Как получить налоговый вычет при покупке квартиры в 2017 году?";"null";"Пошаговое описание процесса получения имущественного налогового вычета при покупке квартиры/дома/земли.";"Налоговый вычет при покупке квартиры/дома - 2017 | Верни Налог";"null";"Процесс получения вычета состоит из: сбора и подачи документов в налоговую инспекцию, проверки документов ...";"Инструкция: как получить налоговый вычет - Газета.Ru";"null";"Налоговый вычет: как получить 650 тысяч от государства. Инструкция: как получить налоговый вычет. Олеся Шаповал 11.04.2015, 16:08. ТАСС.";
"F646519C-1251-5CCF-5188-9AE5B1F8F7B8";"Как посчитать ндс с суммы денег";"kak-poschitat-nds-s-summy-deneg";"vxROj5RDbms";"Как вычислить НДС от суммы | калькулятор НДС 2017, формула";"null";"Если вы не знаете, как правильно посчитать НДС, воспользуйтесь нашим ... Налог рассчитывается так только если в сумму полученных денег уже ...";"Как считать НДС: правильно вычисляем 18% от суммы (пример ...";"null";"18 окт 2017 ... Как вычислить НДС от суммы?Это несложно: нужно просто математически рассчитать процент. Расчет производится по формуле:.";"Как рассчитать НДС от суммы: ставка и формула - Свой бизнес";"null";"2 Ставка НДС в России; 3 Ставка НДС в 2014 году; 4 Кто платит НДС и кто не платит; 5 Формула для расчета; 6 Как выделить НДС от суммы?";"Как правильно рассчитать ндс, формула и пример расчета ...";"null";"Х Рассчитать сумму налоговой базы. Эта процедура производится на основании положений статьи 154 НК РФ. Данная сумма равняется стоимости ...";
"6ED82370-D3FA-ACDC-E9DD-1B910CDDEB37";"Как сдать декларацию";"kak-sdat-deklaraciyu";"Bi1bBLAh9oo";"НАЗК: Подання е-декларації – безумовна вимога ...";"null";"7 жов. 2016 ... Національне агентство з питань запобігання корупції (НАЗК) звертає увагу суб'єктів декларування, які займають відповідальне та ...";"Отчётная декларация предпринимателя-единщика ...";"null";"1 окт 2017 ... Сдавать отчётность нужно, даже если вы не ведёте ... Форма декларации предпринимателя-единщика утверждена Приказом Минфина ...";"Декларация о доходах физических лиц - 2017 (Украина) - Бухучет";"null";"Освобождение oт сдачи декларации. 06. Порядок оформления декларации. 07. Сроки сдачи и уплаты. 08. Способы подачи. 09. Какие штрафы угрожают  ...";"Как украинцам подать налоговые декларации и не нарваться на ...";"null";"1 мар 2017 ... До 1 мая украинцы должны подать декларации о доходах по ... АО «Suprema Lex» Виктор Мороз, человек, который сдает квартиру (дом ...";
"6D50075C-F6F5-CA4B-DC58-3113E87711F2";"Как платить транспортный налог";"kak-platit-transportnyy-nalog";"qCvElNicKnc";"Кто и в каком размере платит транспортный налог";"null";"Из этой статьи вы узнаете о том, как рассчитать транспортный налог в 2017 г., в какие сроки и как оплатить транспортный налог в Украине.";"Транспортный налог (2017) в Украине | УкрСтрахование";"null";"С другой стороны, новый владелец авто должен заплатить транспортный налог, ...";"Налог на авто в Украине 2017,транспортный налог,как ...";"null";"В настоящий момент владельцы автотранспорта платят исключительно транспортный налог (налог на авто). Разделение труда - вот главное отличие ...";"Кому и как платить транспортный налог";"null";"Кому и как платить транспортный налог. Налог с владельцев транспортных средств. Для пешеходов он так далек, абстрактен, чужд. Для владельцев ...";
"82714BA2-4DD7-BBF2-7173-F5CDEB024F4E";"Как вернуть подоходный налог";"kak-vernut-podohodnyy-nalog";"hxZG0_YWcOs";"Как вернуть подоходный налог с зарплаты - Главная книга";"null";"";"Как вернуть подоходный налог с зарплаты в 2017 году";"null";"Как вернуть подоходный налог со своей зарплаты? Список налоговых вычетов для возврата налога с зарплаты, необходимые документы для ...";"Как вернуть подоходный налог с зарплаты - Главная книга";"null";"28 фев 2017 ... Как сдать декларацию на возврат подоходного налога, НДФЛ, получение вычетов.";"Как вернуть подоходный налог, если у меня есть ребенок ...";"null";"10 дек 2014 ... Способы возврата подоходного налога - через работодателя и через налоговую инспекцию.";
"68EDE7B9-8014-BEEA-BC57-078AB82A88A3";"Как оформить налоговые вычеты";"kak-oformit-nalogovye-vychety";"JxgE0RHlXDw";"Как оформить налоговый вычет и вернуть 13% от стоимости ...";"null";"";"Как оформить налоговый вычет и вернуть 13% от стоимости ...";"null";"26 янв 2016 ... Заплатили налоги? Верните их у государства обратно! На что и как можно оформить налоговый вычет, подробно расскажем в статье.";"Как оформить получение налогового вычета при покупке квартиры";"null";"Узнайте из статьи, как происходит получение налогового вычета при покупке квартиры или дома, и как вернуть сумму уплаченного налога.";"Верни Налог - оформление налоговых вычетов просто | Возврат ...";"null";"Верни Налог - это собрание самой полной информация по налоговым вычетам, возврату ... ВерниНалог | Налоговые вычеты и 3-НДФЛ — просто!";
"8EB87346-085D-D077-EF14-4BEAF29C3694";"Как узнать налоговую задолженность";"kak-uznat-nalogovuyu-zadolzhennost";"https://www.youtube.com/watch?v=nuYWznvWoDo&sa=U&ved=0ahUKEwjYo5ij1sfXAhWKC5oKHeDxD98QtwIIFjAA&usg=AOvVaw2lZN9mC-_65vBISXQffU6m";"Каким образом можно проверить, существует ли задолженность ...";"null";"Для того, чтобы узнать о наличии задолженности, предприниматель может либо лично обратиться в органы налоговой службы, либо воспользоваться ...";"Наличие задолженности перед налоговой теперь можно ...";"null";"Государственная налоговая служба Украины открыла ... и узнать фактическое состояние расчетов такого плательщика с бюджетом.";"Узнай свою задолженность - Федеральная налоговая служба";"null";"Уважаемые пользователи! Предлагаем Вам воспользоваться одним из следующих сервисов: Получить информацию о задолженности с помощью ...";"Узнать задолженность по налогам по ИНН. Проверить и ...";"null";"Проверить и оплатить налоги налоги физических лиц. Проверка задолженности, оплата налогов и подписка на уведомления о новых начислениях.";
"69B00D5C-52E1-F364-3DF0-EE00DB08C435";"Как рассчитать сумму ндс";"kak-rasschitat-summu-nds";"vxROj5RDbms";"НДС калькулятор онлайн - как выделить НДС и как начислить НДС";"null";"";"НДС калькулятор онлайн - как выделить НДС и как начислить НДС";"null";"Онлайн НДС калькулятор позволит быстро выделить или начислить НДС. Чтобы рассчитать НДС вам только нужно указать сумму, выбрать операцию  ...";"НДС калькулятор";"null";"Просто введите сумму, выберите операцию выделения или начисления НДС , ставку и нажмите кнопку «Вычислить» чтобы рассчитать НДС. Зачем?";"Формулы расчета НДС, сумма с НДС, сумма без НДС";"null";"29 май 2008 ... Одна из задач на проценты — расчет НДС, расчет суммы с НДС, суммы без ... Пусть известна сумма S. Надо вычислить сумму НДС, ...";
"60B3922E-CA7F-6D3B-F3FA-EFAA9C2D348A";"Как узнать транспортный налог";"kak-uznat-transportnyy-nalog";"kA4Xz_ic-vs";"Проверить задолженность по уплате транспортного налога и как ...";"null";"";"Как узнать транспортный налог по номеру автомобиля в 2017 ...";"null";"Как проверить транспортный налог по номеру машины? После приобретения транспортного средства автовладелец обязан своевременно оплачивать ...";"Проверить задолженность по уплате транспортного налога и как ...";"null";"Проверить уплату транспортного налога можно несколькими способами. ... по уплате транспортного налога и как оплатить транспортный налог.";"Транспортный налог 2017. Проверка и уплата транспортного ...";"null";"Онлайн проверка и оплата транспортного налога. Бесплатные уведомления о начислении транспортного налога по электронной почте.";
"858EB2AF-35F8-5BFD-ADD5-1FAC8475DFBF";"Как вернуть 13 процентов";"kak-vernut-13-procentov";"https://www.youtube.com/watch?v=miawHj2dkKc&sa=U&ved=0ahUKEwiu9dC21sfXAhXKa5oKHSmID3MQtwIIFjAA&usg=AOvVaw1BSEAISS-H49RRTSFxQhvr";"Возврат 13 процентов от покупки квартиры - Налогия";"null";"";"Вернуть 13 процентов, или Как получить налоговый вычет | ФНС ...";"null";"23 мар 2015 ... Вернуть 13 процентов, или Как получить налоговый вычет | ФНС | 29 Архангельская область и Ненецкий ао.";"Возврат 13 процентов от покупки квартиры - Налогия";"null";"Ставка налога на доходы - 13 процентов. Покупка жилья - это основание вернуть налог на доходы в определенном размере. Поэтому после покупки ...";"Как вернуть подоходный налог с зарплаты в 2017 году";"null";"Как вернуть подоходный налог со своей зарплаты? ... Итак, давайте же рассмотрим за что можно вернуть подоходный налог 13 процентов с зарплаты.";
"C2ABEF67-B639-1F96-9AFA-6B96658C50BA";"Как узнать сумму налога";"kak-uznat-summu-naloga";"https://support.google.com/youtube/answer/3250431?hl=ru&sa=U&ved=0ahUKEwj0-MTf1sfXAhWmCpoKHQFBCvEQFggVMAA&usg=AOvVaw3dBQDjh3YawZSUXZuXsBtK";"Taxer.ua — База знаний — Каким образом можно проверить ...";"null";"Для того, чтобы узнать о наличии задолженности, предприниматель может ... проверить, существует ли задолженность перед налоговой службой?";"Оплата государственных услуг - Как узнать, есть ли налоги и ...";"null";"У нас на сайте можно легко узнать задолженность по налогам, для этого достаточно просто ввести свои ... Как узнать сумму налога в режиме онлайн?";"Узнать сумму налога на имущество за 2016 год физические ...";"null";"21 окт 2015 ... В текущем году налогоплательщики Забайкальского края последний раз заплатили налог на имущество физических лиц по старым ...";"Как узнать (проверить) задолженность по налогам физического ...";"null";"Узнать задолженность по налогам по ИНН можно несколькими способами, ... Как узнать сумму налога и посмотреть онлайн по ИНН непросроченную ...";
"6BAE317D-B5F7-F4E1-1B11-EDC16C426307";"Как оплатить госпошлину";"kak-oplatit-gosposhlinu";"WfuPUJ2fcew";"Вопросы по оплате - Портал государственных услуг Российской ...";"null";"";"Вопросы по оплате - Портал государственных услуг Российской ...";"null";"Нужно ли предоставлять квитанцию об оплате госпошлины при подаче ... Можно ли оплатить задолженность на сумму меньше рубля на портале?";"Как оплатить госпошлину за права - через онлайн сбербанк и ...";"null";"Основные способы оплаты. Размер госпошлины и что писать в квитанции. Способы оплаты госпошлины онлайн .";"Оплатить госпошлину со скидкой 30% - Загранпаспорт через ...";"null";"Оплата пошлины онлайн через госуслуги со скидкой 30%. Инструкция по получению скидки при оплате государственной пошлины через интернет.";
"2F1279A0-E826-0748-75E3-323449322572";"Как получить налоговый вычет за квартиру";"kak-poluchit-nalogovyy-vychet-za-kvartiru";"uiV9c2sfCtM";"Налоговый вычет при покупке квартиры/дома - 2017 | Верни Налог";"null";"";"Налоговый вычет при покупке квартиры/дома - 2017 | Верни Налог";"null";"Если Вы купили квартиру в прошлом ... Вся процедура получения вычета ...";"Как получить налоговый вычет при покупке квартиры в 2017 году?";"null";"О том, как получить налоговый вычет через работодателя, Вы можете ... Если за год Вы работали в нескольких местах, Вам нужно взять справки с ...";"Получение налогового вычета при покупке квартиры в Украине ...";"null";"От налогового вычета ... Теперь вы знаете, как получить возврат налога на квартиру при её покупке. Если у ... за жестокое обращение с ...";
"1BD585A0-6105-3FA4-5199-4AB7827FEB58";"Как заполнять отчет о прибылях и убытках";"kak-zapolnyat-otchet-o-pribylyah-i-ubytkah";"https://www.youtube.com/watch?v=h_pQDHJG-Kk&sa=U&ved=0ahUKEwiw87-b18fXAhWEYZoKHaHwCtkQtwIIFjAA&usg=AOvVaw2ppaHHQehL73OTnKL2_c1J";"Зображення для запиту Как заполнять отчет о прибылях и убытках";"null";"Как заполнить отчет о прибылях и убытках форма 2? В статье приведены рекомендации по оформлению отчета и заполненный образец формы ...";"Отчет о прибылях и убытках форма 2 образец заполнения ...";"null";"При оформлении отчета о прибылях и убытках образцом ... Каждая строка формы ОКУД 0710002 заполняется ...";"Отчет о прибылях и убытках - форма 2 (ОКУД 0710002) 2017";"null";"30 сен 2017 ... Отчет о финансовых результатах: пример заполнения ... форма 2 «Отчет о прибылях и убытках», форма 3 «Отчет об изменениях ...";"Заполнение формы 2 бухгалтерского баланса (образец) - nalog ...";"null";"12 окт 2017 ... Рассмотрим правила ее заполнения в 2017–2018 годах. Что отражает отчет о прибылях и убытках. Какова структура формы 2 ...";
"37DCB7B8-DE31-CF94-F42B-E4559842DC04";"Как вернуть подоходный налог за квартиру в 2017 году";"kak-vernut-podohodnyy-nalog-za-kvartiru";"https://www.youtube.com/watch?v=UhqbdZOiS0s&sa=U&ved=0ahUKEwjsvv6j18fXAhVDDZoKHc0dAyAQtwIIFjAA&usg=AOvVaw2cY0BC_i9tfHBTe7KxVywe";"Возврат налога при покупке квартиры в 2017 году | ПапаЮрист.ру";"null";"Простыми словами, с вас не будут взимать налог на доходы физических лиц до ... Для того чтобы успешно вернуть налог при покупке квартиры важно ... при покупке квартиры через налогового агента – работодателя в 2017 году, ... зарплаты не будет удерживаться исчисленный подоходный налог в виде ...";"Возврат НДФЛ в 2017 году | Всё про НДФЛ";"null";"За квартиру он получил вычет 78 000 рублей, ... Возврат подоходного налога при ... году · Как вернуть НДФЛ в 2017 году: условия, процедура, документы ...";"Налоговый вычет в 2017 году при покупке квартиры ...";"null";"27 мар 2017 ... Всё про налоговый вычет за 2016 год при покупке квартиры. ... Сколько можно вернуть налог с покупки квартиры: максимальная сумма возврата. ... легально выводить из-под обложения подоходным налогом. На ...";"Возврат процентов по ипотечному кредиту в 2017 году ...";"null";"Налоговый возврат при покупке квартиры в ипотеку ... Кроме этого возврат процентов по ипотечному кредиту в 2017 году могут .... Максимальная сумма, с которой заёмщик может вернуть проценты, составляет 2 миллиона рублей . ... Если уплаченная сумма подоходного налога низкая из-за маленькой ...";
"C7F38E52-495C-8CA6-B38F-7B01B657A1D2";"Как платить налог на квартиру";"kak-platit-nalog-na-kvartiru";"e-nLjLkKsH4";"Как правильно заплатить налог на недвижимость - Деньги: Курсы ...";"null";"10 июл 2017 ... В Украине до конца лета нужно заплатить налог за “лишнюю“ недвижимость. Платежки должны были прийти до первого июля, ...";"Налоги на недвижимость в 2017 году: кому и сколько платить - ТСН";"null";"18 апр 2017 ... Украинцы, которые имеют квартиру свыше 60 кв. м или дом свыше 120 кв. м., обязаны будут уплатить налоги за "лишние" квадратные ...";"Налог на недвижимость в Украине придется платить по-новому ...";"null";"7 апр 2017 ... В этом году украинцев, которые смирились с необходимостью платить налог на недвижимость, ждет сюрприз. Так как с 1 января 2017 ...";"Как платить налог на недвижимость в Украине в 2017 году";"null";"11 янв 2017 ... Как стало известно Domik.ua , в 2017 году некоторые украинцы должны будут заплатить новый налог на недвижимость. При этом в ...";
"C0C679DA-77CC-152F-9882-1E32AFDA592F";"Как посмотреть свою задолженность по налогам";"kak-posmotret-svoyu-zadolzhennost-po-nalogam";"_0BjO3fEsQg";"Каким образом можно проверить, существует ли задолженность ...";"null";"Для того, чтобы узнать о наличии задолженности, предприниматель может либо лично обратиться в органы налоговой службы, либо воспользоваться ...";"Узнай свою задолженность - Федеральная налоговая служба";"null";"Узнай свою задолженность ... и транспортных средствах, о суммах начисленных и уплаченных налоговых платежей, о наличии переплат; осуществлять ...";"Узнать задолженность по налогам по ИНН. Проверить и ...";"null";"Проверить и оплатить налоги налоги физических лиц. Проверка задолженности, оплата налогов и подписка на уведомления о новых начислениях.";"Задолженность налоги онлайн по ИНН";"null";"20 фев 2015 ... Яндекс.Деньги запустили новый сервис, с помощью которого можно проверить свою задолженность по налогам онлайн по ИНН ...";
"3F45F6A7-7E9F-6D73-D161-CFFC91CFA3DD";"Как получить имущественный налоговый вычет";"kak-poluchit-imushchestvennyy-nalogovyy-vychet";"q-GqyNe0ZaA";"Имущественный вычет: как получить и как оформить ...";"null";"";"Имущественный вычет - Верни Налог";"null";"Процесс получения вычета состоит из: сбора и подачи документов в налоговую инспекцию, проверки документов ...";"Как получить налоговый вычет при покупке квартиры в 2017 году?";"null";"Пошаговое описание процесса получения имущественного налогового вычета при покупке квартиры/дома/земли.";"Как получить имущественный налоговый вычет у работодателя ...";"null";"В этой статье мы рассмотрим порядок получения налогового имущественного вычета у работодателя.";
"43C53ABC-FDFC-7B0F-44A0-A961D738228A";"Как получить выписку из егрюл в налоговой";"kak-poluchit-vypisku-iz-egryul-v-nalogovoy";"lxOrK7MVkXs";"Получение выписки из ЕГРЮЛ или ЕГРИП 2017 самостоятельно ...";"null";"Чтобы получить выписку из ЕГРЮЛ или ЕГРИП с печатью налоговой, необходимо подать заявление в налоговый орган в свободной форме. Выписка из ...";"егрюл - Федеральная налоговая служба";"null";"Выписку из ЕГРЮЛ/ЕГРИП о конкретном юридическом ... подписанного усиленной квалифицированной электронной подписью, можно получить здесь.";"Предоставление сведений из ЕГРЮЛ/ЕГРИП о конкретном ...";"null";"Федеральная Налоговая Служба ... Для получения выписки/справки сертификат ключа электронной подписи (СКП) заявителя не требуется.";"Получить выписку из ЕГРЮЛ/ЕГРИП удобнее в электронном виде";"null";"28 авг 2015 ... Получить выписку из ЕГРЮЛ/ЕГРИП можно на сайте ФНС России при ... должностным лицом налогового органа и заверена печатью.";
"8D62C1C0-ADEE-8C5B-05E9-26ADBF63DEF6";"Как сдать баланс в 2017 году";"kak-sdat-balans";"https://www.youtube.com/watch?v=D-hIcG4cdNw&sa=U&ved=0ahUKEwjWqqD518fXAhWrHJoKHSH_B34QtwIIFjAA&usg=AOvVaw0aV5pKCocgIZqHEb5x0DsU";"Срок сдачи бухгалтерского баланса за 2017 год";"null";"19 апр 2017 ... Срок сдачи годового бухгалтерского баланса за 2017 год. Последний день сдачи баланса за 2017 год. Когда сдавать бух. баланс ООО.";"Финансовая отчетность предприятия (Украина) - 2017 ... - Бухучет";"null";"Что eще сдавать в статистику? ... А промежуточная финансовая отчетность в составe баланса и отчета о ... Отчетным периодом предприятия, кoторое ликвидируется, является период c началa года дo момента ликвидации (ч.";"Баланс. Форма №1 | «Дебет-Кредит» - Бланки";"null";"Рассмотрим, для кого применение МСФО является обязательным уже сегодня, а для кого это станет обязанностью с 2018 года. 08.11.2017 9854.";"Срок сдачи бухгалтерского баланса за 2017 год - Современный ...";"null";"Срок сдачи бухгалтерского баланса за 2017 год устанавливается на общегосударственном уровне и регламентируется: НК РФ; Законом № 402- ФЗ от ...";
"8DFACB8C-0D3A-163F-98B7-F10652F6F64B";"Как заполнить налоговый вычет в 2017 году";"kak-zapolnit-nalogovyy-vychet";"https://www.youtube.com/watch?v=zfoI6iWyseY&sa=U&ved=0ahUKEwi_gbaJ2MfXAhVkIJoKHRALCw8QtwIIFjAA&usg=AOvVaw0Pas436n01HYEhLndh4rXs";"Налоговый вычет в 2017 году | Всё про НДФЛ";"null";"12 янв 2017 ... Налоговый вычет 2017 года могут заявить граждане, проживающие .... Заполнить декларацию по подоходному налогу (форма 3-НДФЛ); ...";"Декларация 3-НДФЛ в 2017 году | Всё про НДФЛ";"null";"Декларация 3 НДФЛ 2017 за 2016 год ... транспорта сумма налогового вычета ...";"3-НДФЛ за обучение: образец в 2017 году";"null";"31 мар 2017 ... Приводим актуальный образец заполнения в 2017 году декларации ... и не волноваться о шансах получить налоговый вычет за учебу.";"Заявление на налоговый вычет на ребенка: образец 2017 года";"null";"5 апр 2017 ... Заявление на налоговый вычет на ребенка в 2017 году: образец ... В составе этих вычетов в 2017 году предусмотрены стандартные вычеты на ... Лист А декларации 3-НДФЛ: образец заполнения в 2017 году · Как ...";
"4746CAA5-6B59-3408-E077-911EA0CC9C93";"Как заполнить справку о доходах";"kak-zapolnit-spravku-o-dohodah";"NioslkhWzcA";"Работник желает получить жилищную субсидию: как должна ...";"null";"486/202/524/455/3370. В рамках этой статьи рассмотрим порядок заполнения Справки о доходах для назначения субсидии для возмещения расходов ...";"7. Примеры заполнения справок о доходах, расходах, об ...";"null";"Примеры заполнения справок о доходах, расходах, об имуществе и обязательствах имущественного характера. 26 февраля 2015. СКАЧАТЬ:.";"Образец заполнения справки о доходах, расходах, об ...";"null";"Образец заполнения справки о доходах, расходах, об имуществе и обязательствах имущественного характера. В Управление по работе с личным ...";"Пример заполнения справки о доходах, расходах ... - ФАНО России";"null";"3 фев 2017 ... Пример заполнения справки о своих доходах, расходах, об имуществе и обязательствах имущественного характера для ...";
"18C555A1-65C4-FEC3-C887-77CE7C5B6391";"Как рассчитать подоходный налог";"kak-rasschitat-podohodnyy-nalog";"FFU5tJ4EtDY";"Налог на доходы физических лиц 2017,подоходный налог в ...";"null";"Что такое и какой подоходный налог в Украине? Ставка налога на доходы ... Подоходный налог с больничного листа рассчитывается и уплачивается на ...";"Подоходный налог на доходы физических лиц: расчет, пример ...";"null";"Подоходный налог рассчитывается со всех видов заработных плат с учетом индексации в размере 13%, в том числе и с минимальной, а в случае если ...";"Подоходный налог с зарплаты – как рассчитать в 2017-2018 году ...";"null";"Перед тем как рассчитывать подоходный налог с зарплаты (НДФЛ) сначала необходимо учесть налоговый вычет. По законодательству РФ, налоговый ...";"Расчет зарплаты в Украине в 2017 году, зарплата 2017 в Украине";"null";"рассчитать доход, начисленный работнику за отработанное время (как ... рассчитать сумму налогов и других удержаний, на которые уменьшается ...";
"9FBFD3C5-5BDA-1790-4E94-3B70AF59E5A8";"Как платить налоги физическим лицам";"kak-platit-nalogi-fizicheskim-licam";"GNWC0U67v_Q";"Налог на доходы физических лиц 2017,подоходный налог в ...";"null";"Льготы, удержание, возврат и возмещение, сроки уплаты, куда платить и как ... Налог на доходы физических лиц (далее – НДФЛ), также как и налог на ...";"НДФЛ: налог на доходы физических лиц Украины, расчет НДФЛ";"null";"НДФЛ - основной налог на прибыль физических лиц Украине. Плательщиками НДФЛ .... И в том, и в другом случае, нужно платить налоги с дохода.";"Ставки НДФЛ - подоходный налог в Украине в 2017 году - Индексы";"null";"С 2011 года ставки налога на доходы физических лиц (НДФЛ) определяются в IV-м разделе Налогового кодекса Украины (НКУ). Особо отметим, что для ...";"Налог на доходы физических лиц - Интерактивная бухгалтерия";"null";"Налог на доходы физических лиц: Аналитические материалы ..... с физлицами, часто задаются вопросом: в какой бюджет платить НДФЛ, военный сбор ...";
"0CAB965A-2528-49C5-5085-A45AEBE8BA62";"Как написать заявление на налоговый вычет в 2017 году";"kak-napisat-zayavlenie-na-nalogovyy-vychet";"dqqqRvCi1HA";"Заявление на налоговый вычет на ребенка: образец 2017 года";"null";"5 апр 2017 ... Образец заполненного заявления на предоставление стандартных налоговых вычетов по НДФЛ на детей в 2017 году.";"Заявление на налоговый вычет на ребенка в 2017 году: образец";"null";"2 окт 2017 ... Заявление на налоговый вычет на ребенка в 2017 году, образец: кто может написать заявление и как правильно его составить.";"Образец заявления на налоговый вычет на ребенка | Скачать ...";"null";"21 янв 2013 ... Бланк и образец заявления на стандартный налоговый вычет на ... 2017 года стандартный налоговый вычет по моим доходам за ...";"Заявление на налоговый вычет на ребенка в 2017 году образец";"null";"17 окт 2016 ... Заявление на налоговый вычет на ребенка в 2017 году скачайте у нас. Чтобы не просить каждый раз от работников заявление на ...";
"CCDDEBFE-93D9-60FA-5DC3-21CB4A0837A5";"Как получить такс фри";"kak-poluchit-taks-fri";"Snmv7DcAprM";"Как оформить чеки Tax Free и получить возврат - Туризм - TCH.ua";"null";"";"Как оформить чеки Tax Free и получить возврат - Туризм - TCH.ua";"null";"11 мар 2014 ... Tax Free - это возможность получать денежное возмещение части налога на добавленную стоимость (НДС), входящего в стоимость ...";"Возврат Такс Фри в Украине - Life in travel";"null";"Узнайте как получить выплаты по чекам Тax Free (Такс Фри) в Украине. Условия для получения возмещения по формам Тax Free Global Blue. Список  ...";"TAX FREE В УКРАИНЕ 2016: КАК ОФОРМИТЬ И ПОЛУЧИТЬ ...";"null";"24 июл 2016 ... Tax Free – это возможность получать денежное возмещение части налога на добавленную стоимость (НДС), что входит в стоимость ...";
"11D55552-4478-7E12-C8E4-D511998C8D3A";"Как получить налоговый вычет на ребенка в 2017 году";"kak-poluchit-nalogovyy-vychet-na-rebenka";"0hafTSUaJxU";"Налоговый вычет на детей в 2017 году: размеры, оформление";"null";"22 ноя 2016 ... В статье: кому полагается детский вычет и в какой сумме;; в течение какого периода можно получать вычет;; как оформить и получить ...";"Налоговый вычет на ребенка в 2017 году";"null";"13 мар 2017 ... Важно! Работник имеет право получить стандартный налоговый вычет на ребенка по НДФЛ в 2017 году, подав декларацию о доходах ...";"Заявление на налоговый вычет на ребенка: образец 2017 года";"null";"5 апр 2017 ... Стандартный налоговый вычет на ребенка в работодатель в 2017 году вправе предоставить только после получения от работника ...";"Налоговый вычет на ребенка в 2017 году:размеры и порядок ...";"null";"Рассматриваемый налоговый вычет на детей могут получать следующие ... Так, налоговый вычет из НДФЛ родителя на ребёнка в 2017 году ...";
"9B388D76-4B3B-98C3-DFE4-144D69A8044B";"Как перечислять налоги в 2017 году";"kak-perechislyat-nalogi";"https://www.youtube.com/watch?v=-Fn3zhPxbjY&sa=U&ved=0ahUKEwi10f3w2MfXAhWnDpoKHfOWAUAQtwIIFjAA&usg=AOvVaw0bl-Dxwr_bfe0RddlGYiaC";"Страховые взносы в 2017 году: что изменилось";"null";"3 ноя 2016 ... Новая глава Налогового кодекса РФ 34 «Страховые взносы» начнет .... Перечислять страховые взносы с 2017 года (кроме взносов «на ...";"Налоговые и бухгалтерские изменения с 2017 года";"null";"15 ноя 2016 ... Что изменится в 2017 году: налоги, страховые взносы, пособия, ... заполнять платежные поручения на перечисление налогов и взносов.";"Страховые взносы в 2017 году: изменения, свежие новости";"null";"До 2010 года налоговые органы уже занимались сбором платежей на страхование ... Максимальные взносы в ПФР в 2017 году ИП за себя составляют 187 200 ... Сколько должны перечислять плательщики взносов за работников.";"Налоги с заработной платы в 2017 году таблица";"null";"27 окт 2016 ... Разберемся, какие нужно перечислить налоги с заработной платы в 2017 году. Таблица с подробными ставками поможет вам быстро ...";
"B568E686-C9F6-23E2-4B21-ABC29AEAB570";"Как подавать декларацию о доходах в 2017 году";"kak-podavat-deklaraciyu-o-dohodah";"https://business.vesti-ukr.com/finance/227717-kak-v-ukraine-ne-narvatsja-na-shtrafy-hfs-pri-podache-nalohovykh-deklaratsij-&sa=U&ved=0ahUKEwia59mA2cfXAhUBApoKHXuuA5YQFggVMAA&usg=AOvVaw1LlPXsKP_5dKDOX51mQv_2";"Декларационная кампания — 2017: кого коснется и как подать ...";"null";"13 янв 2017 ... Граждане должны отчитаться за доходы 2016 год. Декларацию нужно подавать как предприниматели, так и те, кто работает по найму.";"Как в Украине не нарваться на штрафы при подаче налоговых ...";"null";"1 мар 2017 ... Когда подавать декларацию в 2017 году. До 1 мая украинцы должны подать декларации о доходах по итогам 2016 года. Образец ...";"Декларация о доходах физических лиц - 2017 (Украина) - Бухучет";"null";"·05· Куда подавать декларацию в случае смены вашего налогового адреса? .... ·01· Декларирование доходов за 2013 год проводится по новой форме ...";"Декларирование доходов в 2017 году - по обновленной ...";"null";"22 груд. 2016 ... Налоговики напоминают, что с 1 января 2017 года начинается кампания ... лиц обязаны подать годовую декларацию о доходах.";
"0ACDD5A0-2D9F-48AE-3E2A-2525FCFECB0D";"Как получить налоговый вычет за покупку жилья в 2017 году";"kak-poluchit-nalogovyy-vychet-za-pokupku-zhilya";"V4WzpQ5uJC0";"Налоговый вычет в 2017 году при покупке квартиры ...";"null";"27 мар 2017 ... Всё про налоговый вычет за 2016 год при покупке квартиры. ... Это значит, что при покупке квартиры сумма возврата налога в 2017 году не может ... Со второго жилья и последующих получить его уже нельзя.";"Возврат налога при покупке квартиры в 2017 году | ПапаЮрист.ру";"null";"При оформлении налогового вычета посредством налоговых органов ... при покупке квартиры через налогового агента – работодателя в 2017 году, ... необходимости получения вычета;; Предоставить в налоговую полный пакет ... о ранее предоставленных налоговых вычетах за предыдущие годы, и сумму, ...";"Налоговый вычет в 2017 году | Всё про НДФЛ";"null";"12 янв 2017 ... Налоговый вычет на ребенка в 2017 году может получить двумя ... Обратите внимание, что в 2017 году вычет за покупку жилья можно ...";"Налоговый вычет при покупке квартиры в ипотеку в 2017 году: как ...";"null";"Законодательство позволяет получить налоговый вычет также на проценты ... Сумма возврата, получаемая Вами за год, не может быть больше суммы ...";
"96C87DAB-1CF9-5A36-45F4-633EA8613A91";"Как рассчитать единый налог в 2017 году";"kak-rasschitat-edinyy-nalog";"TxtIUO4j9lE";"Единый налог в 2017 году в Украине: что это такое? - Maanimo";"null";"21 июл 2017 ... В упрощённой системе налогообложения расчет ставки налога осуществляется ... Изменения в отношении единого налога в 2017 году.";"Ставки единого налога – 2017 - Газета Частный предприниматель";"null";"10 янв 2017 ... С 1 января 2017 года действуют следующие ставки единого налога.";"Ставка единого налога - 2017 в Украине - Бухучет";"null";"Ставка единого налога на 2017 год для всех групп плательщиков единого ... первой и второй гpупп рассчитывается исходя и3 размера минимальной ...";"Сумма единого налога-2017, 1 и 2 группа (сколько платить ...";"null";"Сумма единого налога в 2017 году для 1 и 2 группы (рассчитаем, сколько платить единый налог в ... Как рассчитать сумму единого налога на 2017 гoд ?";
"4EBF662D-AAF0-BBF4-6D11-CCE82ED8928F";"Как заполнить декларацию по усн";"kak-zapolnit-deklaraciyu-po-usn";"3PVxbhJZiqg";"Налоговая декларация по УСН | Я люблю ИП";"null";"";"Налоговая декларация по УСН | Я люблю ИП";"null";"1 ноя 2017 ... Предприниматели на УСН доходы заполняют титульный лист, разделы 1.1 и 2.1.1 Декларацию следует заполнять с конца — сначала ...";"Заполнение декларации по УСН для ИП и ООО (инструкция ...";"null";"Как заполнить декларацию по УСН? Пошаговая инструкция по заполнению декларации по УСН для ИП и ООО с образцами на сайте ...";"Заполнение декларации по УСН 2016 в системе электронного ...";"null";"1 лип. 2016 - 17 хв - Автор відео Impersant Заполнение декларации по УСН (упрощенке) в 2016 году. В этом видео вы узнаете как самостоятельно заполнить декларацию по ...";
"DB6F4CE8-6AF3-3D2B-D32F-AC55FCD162F3";"Как вернуть переплату по налогам";"kak-vernut-pereplatu-po-nalogam";"_VFNV5wPIKs";"Как вернуть переплату по налогам | ФНС | 52 Нижегородская ...";"null";"";"Переплата по налогам - что делать, как вернуть или зачесть";"null";"12 май 2016 ... Переплата по налогам - зачет или возврат сумм переплаты по налогу на прибыль, УСН и НДФЛ. Как вернуть или зачесть излишне ...";"Как вернуть переплату по налогу - Главная книга";"null";"Для возврата переплаты по налогу подайте в ИФНС заявление. Если переплата возникла из-за ошибки в декларации, вместе с заявлением сдайте ...";"Инструкция по возврату налоговой переплаты | Журнал ...";"null";"А у кого-то уплаченные в течение года авансовые платежи превысили сумму налога по итогам года. Переплату во всех этих случаях можно вернуть или ...";
"238BCFF0-C989-235D-2E18-B074272D77E7";"Как рассчитать авансовый платеж по налогу на прибыль в 2017 году";"kak-rasschitat-avansovyy-platezh-po-nalogu-na-pribyl";"3sAhWYda36I";"Авансовые платежи по налогу на прибыль в 2017 году";"null";"13 янв 2017 ... Авансы по прибыли надо рассчитывать и перечислять в особом порядке. О способах уплаты и расчета авансовых платежей по налогу ...";"Авансовые платежи по налогу на прибыль в 2017 году";"null";"8 фев 2017 ... Авансовые платежи по налогу на прибыль в 2017 году. ... Формула расчета квартального авансового платежа по налогу на прибыль.";"Налог на прибыль в 2017 году в Украине. Ставка налога: как ...";"null";"Налог на прибыль в Украине в 2017 году: ставка и примеры расчета ... изменения и порядок уплаты; Как рассчитать налог на прибыль в 2017 году в Украине по ставке 18 % в цифрах? ... Отмена ежемесячных авансовых платежей.";"Расчет авансовых платежей по налогу на прибыль за 3 квартал ...";"null";"14 авг 2017 ... Скачать таблицу штрафов для бухгалтера и директора в 2017 году>>>. Как рассчитать авансовые платежи по налогу на прибыль за 3 ...";
"D6C0B139-001F-46EC-D716-F52317347FAD";"Как сдавать нулевую отчетность";"kak-sdavat-nulevuyu-otchetnost";"6wSQ5GGIHNA";"Сдача нулевой отчетности в Украине. Подача нулевой ...";"null";"Нулевая отчетность - обязательный вид налогового учета предприятия. ... учет, подготавливать и сдавать отчеты в соответствующие государственные  ...";"outsource-dk.com.ua - Нулевая отчетность";"null";"формы отчетов, которые необходимо подготовить для сдачи нулевой ...";"Нулевая отчетность ИП - как сдать в 2017 | Инструкция";"null";"Как сдать нулевую отчетность в 2017 году? Пошаговая инструкция и нюансы сдачи нулевой налоговой декларации ИП (с работниками и без них).";"Что такое «нулевая» отчетность и кто ее сдает? - iFin - База ...";"null";"«Нулевая» отчетность - это такой вид налоговой отчетности, в которой все сведения, кроме информации о налогоплательщике, равны нулю.";
"96A631AA-91C5-A69A-4CF0-97A1BEB48C64";"Как посчитать налоговый вычет";"kak-poschitat-nalogovyy-vychet";"https://www.youtube.com/watch?v=oqLklaOsFSk&sa=U&ved=0ahUKEwjT9MrY2cfXAhUmP5oKHZ-wCssQtwIIFjAA&usg=AOvVaw2wLHTVNEUJi7dE1KhkbzR3";"Рассчитать налоговый вычет - ВсеВычеты.Ру";"null";"Калькулятор позволяет рассчитать сумму налогового вычета за год: имущественный вычет при покупке квартиры, ипотека, социальный вычет на  ...";"Калькулятор налогового вычета - Возврат налогов онлайн";"null";"Калькулятор налогового вычета позволяет в простой и удобной форме рассчитать возврат вашего налога.";"Расчет налогового вычета по ипотеке онлайн. - Mobile-testing.ru";"null";"Можно рассчитать налоговый вычет как с суммы кредита, так и налоговый вычет на проценты по ипотеке. Пример расчета налогового вычета приведен ...";"Налоговый вычет при покупке квартиры - как получить и сумма ...";"null";"Покупая квартиру, Вы можете рассчитывать на возврат части потраченных денег в размере 260 тысяч рублей. Это и есть налоговый вычет при покупке  ...";
"0ADE5DC7-7E55-16D4-8BD3-8C44ED58EAFA";"Как платить налог на машину";"kak-platit-nalog-na-mashinu";"https://www.youtube.com/watch?v=LZ9y7xnh9Jw&sa=U&ved=0ahUKEwjG1Nn22cfXAhXKIpoKHZQZCkUQtwIIFjAA&usg=AOvVaw3wHpYgbRsCrBndlPWaBQgb";"AUTO.RIA – Транспортный налог 2017: Что изменилось?";"null";"17 янв 2017 ... Итого, в 2017 году транспортный налог обяжут платить владельцев автомобилей, после даты выпуска которых прошло не более 5 лет ...";"Транспортный налог (2017) в Украине | УкрСтрахование";"null";"С другой стороны, новый владелец авто должен заплатить транспортный налог, ...";"Налог на авто в Украине 2017,транспортный налог,как ...";"null";"Как рассчитать налог на машины, порядок начисления, льготы. ... автотранспорта платят исключительно транспортный налог (налог на авто).";"Налог на авто 2017: кому и сколько придется заплатить - Деньги ...";"null";"9 авг 2017 ... С 2015 года в Украине появился новый вид податей – налог на имущество. В его состав входит и транспортный налог. В этом году его ...";
"E3EE00EA-2216-03D9-0C61-F98DFB7F71C7";"Как отчитываться по ндфл за год в 2017 году";"kak-otchityvatsya-po-ndfl-za-god";"9NJHg4L0lKg";"Срок сдачи расчета 6-НДФЛ за 2017 год";"null";"25 ноя 2016 ... Когда сдавать 6-НДФЛ за 2017 год? В какой срок сдать 6-НДФЛ за 4 квартал 2017 года? До какого числа отчитаться сдать в налоговую ...";"Срок сдачи справок 2-НДФЛ за 2017 год";"null";"4 дн. назад ... Сроки сдачи справок 2-НДФЛ за 2017 год в 2018 году. ... За 2017 год налоговым агентам по НДФЛ нужно отчитаться в 2017 году. Сроки ...";"Сроки сдачи отчетности в 2017 году таблицей в ПФР, ФСС в ...";"null";"Сроки сдачи отчетности ООО на ОСНО в 2017 году ... Все организации отчитываются по страховым взносам, которые уплачены за сотрудников. С 2017 года ... Справка 2-НДФЛ направляется в налоговую 1 раз в год. Справку за ...";"Сроки сдачи отчетности в 2017 году";"null";"12 сен 2016 ... Виды, состав и сроки отчетности за 2017 год зависят от ... Немногим категориям плательщиков разрешено отчитываться на бумаге. ... Отчетность в ФНС по налогу на доходы физических лиц в 2017 году ...";
"AF415DC7-ED6A-C1BA-3C55-0F91412DE592";"Как считать енвд";"kak-schitat-envd";"a6NsZKzLK1E";"Расчет ЕНВД|Как правильно рассчитать ЕНВД|Рассчитать ЕНВД ...";"null";"";"Как рассчитать ЕНВД - Главная книга";"null";"13 мар 2017 ... Как рассчитать ЕНВД, пример расчета налога. ... Простота учета физических показателей и расчета ЕНВД – одно из основных ...";"Как рассчитать ЕНВД: формула, показатели, доходность и ...";"null";"Единый налог на вмененный доход (ЕНВД) применяется в отношении только определенных видов деятельности: розничная торговля, общественное ...";"Расчет ЕНВД|Как правильно рассчитать ЕНВД|Рассчитать ЕНВД ...";"null";"Для того чтобы рассчитать налог ЕНВД нужно воспользоваться формулой ЕНВД = БД*ФП*К1*К2*15%. Давайте рассмотрим примеры расчета налога ...";
"B28D30A4-5257-FF45-532F-8C1891921560";"Как посчитать транспортный налог в 2017 году";"kak-poschitat-transportnyy-nalog";"bFW-yBozwpY";"Транспортный налог (2017) в Украине | УкрСтрахование";"null";"Марку автомобиля; Год выпуска; Объем двигателя; Тип горючего, на котором  ...";"AUTO.RIA – Транспортный налог 2017: Что изменилось?";"null";"17 янв 2017 ... Итого, в 2017 году транспортный налог обяжут платить ... Рассчитать рыночную стоимость автомобиля (согласно данным из ...";"Налоговый калькулятор - Расчет транспортного налога | ФНС ...";"null";"Расчет транспортного налога с помощью данного сервиса носит ознакомительный характер. Поскольку транспортный налог относится к налогам, ...";"Транспортный налог в 2017 году - последние новости и изменения";"null";"Последние новости об отмене транспортного налога в 2017 году. ... Депутаты Госдумы посчитали нужным отменить в России налог на транспорт и ...";
"FEA11109-DDD2-DE3A-90B3-15557EF25707";"Как узнать сколько платить налогов";"kak-uznat-skolko-platit-nalogov";"http://nsovetnik.ru/telefon_internet/kak_uznat_zadolzhennost_za_internet_rostelekom/&sa=U&ved=0ahUKEwiA7bGx2sfXAhWpO5oKHTjCDJEQFggVMAA&usg=AOvVaw0jN_kbTE1KhcPBAiF50PYn";"Taxer.ua — База знаний — Каким образом можно проверить ...";"null";"Для того, чтобы узнать о наличии задолженности, предприниматель может ... проверить, существует ли задолженность перед налоговой службой?";"Оплата государственных услуг - Как узнать, есть ли налоги и ...";"null";"Если вас интересует вопрос о том, как узнать, сколько налогов необходимо оплатить, в какие сроки, а также имеется ли задолженность, достаточно ...";"Как за 5 минут проверить свои налоги - Компьютерная ...";"null";"20 фев 2015 ... Чтобы проверить задолженность, налоги онлайн по ИНН можно воспользоваться ... есть только одна ссылка “Заплатить по данным из квитанции” (рис. 1). .... Как узнать за сколько месяцев уплачен налог на доходы ...";"Как узнать задолженность по транспортному налогу — как ...";"null";"14 дек 2016 ... Где можно через интернет узнать, на какой автомобиль пришел налог на авто. ... примерно представляете, какой за него придется платить налог. ... Как узнать свой налог на транспортное средство .... Выбираете необходимый тип налогообложения, и вы видите, сколько и куда вы должны.";
"1E0F65F6-9866-2D01-D7D0-CF47EDB218FB";"Как отразить данные в налоговой декларации";"kak-otrazit-dannye-v-nalogovoy-deklaracii";"aePEQXr-dSc";"Как отразить данные в налоговой декларации Налоги";"null";"При подаче декларации 3НДФЛ вы должны отразить в ней все свои денежные поступления за прошлый год, облагаемые налогом на доходы ...";"Дата отражения данных налоговой накладной/расчета ...";"null";"Налоговая накладная составлена в феврале 2015 г., расчет корректировки к ней - в марте. В декларации за какой месяц следует отразить налоговую ...";"Отчётная декларация предпринимателя-единщика ...";"null";"1 окт 2017 ... декларацию заполняют на основании данных книги учёта доходов ... эти данные, инспектор налоговой может не принять ваш отчёт.";"Как отразить несвоевременно зарегистрированную налоговую ...";"null";"20 мар 2017 ... Новости E-DOC: Как отразить в декларации по НДС ... 641/НДС, которые должны совпадать с данными налоговой декларации по НДС.";
"68C45681-2F1F-9865-7C63-507CDBFBBDE4";"Как уменьшить налогооблагаемую базу";"kak-umenshit-nalogooblagaemuyu-bazu";"https://www.youtube.com/watch?v=9BynRw5Kx9w&sa=U&ved=0ahUKEwjv7fHQ2sfXAhUHYJoKHfDpCIcQtwIIFjAA&usg=AOvVaw11BvwD19-5xVJ8r4tm17q5";"10 способов уменьшения налога на прибыль";"null";"На эту сумму фирма-продавец уменьшает налогооблагаемую базу по налогу на прибыль. "Выгодные" убытки. Не каждая организация может обойтись ...";"Как уменьшить налоги ООО в 2017 году: легально сократить ...";"null";"Как уменьшить налоги ООО, выбор наиболее выгодного налогового режима. ... Поэтому налогооблагаемая база составит 700 тысяч рублей в месяц.";"Как уменьшить налог на прибыль - законные способы";"null";"Какими расходами можно уменьшить налог на прибыль? ... Уменьшающие налоговую базу при уплате налога на прибыль расходы условно можно ... в налогооблагаемую прибыль и происходит экономия стоимости штрафа.";"«Полезные» расходы: уменьшаем налог на прибыль | Oborot.ru";"null";"23 июл 2012 ... Налогооблагаемую базу для него определяют, вычитая из суммы ... об ограничении: единовременно сумму налога можно уменьшить не ...";
"B9C26CDE-2370-3767-475F-53EE3C3CAA4B";"Как отчитаться по доходам";"kak-otchitatsya-po-dohodam";"8wIsaGid6Gc";"УСН «Доходы» в 2017 году: как отчитываться и сколько платить ...";"null";"Упрощённая система налогообложения бывает двух видов: «Доходы» и « Доходы минус расходы». Они различаются тем, с какой суммы вы платите ...";"Отчитаться о доходах за 2016 год нужно не позднее 2 мая | ФНС ...";"null";"27 янв 2017 ... Стартовала Декларационная кампания 2017 года. Представить декларацию о полученных в 2016 году доходах физическим лицам ...";"Как отчитываться по доходам ИП УСН, без ККМ и р\с ...";"null";"Здравствуйте! Хочу понять как отчитываться в налоговой по доходам, если не открывать р\с в банке и не покупать кассовый аппарат?";"Декларационная кампания — 2017: кого коснется и как подать ...";"null";"13 янв 2017 ... Граждане должны отчитаться за доходы 2016 год. Декларацию нужно подавать как предприниматели, так и те, кто работает по найму.";
"B5682075-E8EC-3932-229B-B31C61C31754";"Как заполнить платежное поручение по налогам в 2017 году";"kak-zapolnit-platezhnoe-poruchenie-po-nalogam";"https://www.youtube.com/watch?v=GUeNCXtmaSM&sa=U&ved=0ahUKEwj0nZ6E28fXAhWpa5oKHSMOAl4QtwIIFjAA&usg=AOvVaw1cpfbahzO8IThcNdcYb8Yz";"Платежное поручение в 2017 году (образец) - Главбух";"null";"20 янв 2017 ... Как заполнять поля платежного поручения по налогам в 2017 году, смотрите в таблице ниже. А подготовить платежку без ошибок вы ...";"Заполнение платежного поручения по требованию ИФНС в 2017 ...";"null";"16 май 2017 ... Особенности заполнения платежного поручения по требованию из ИФНС в ... Уплата штрафа по решению налогового органа в 2017 году.";"Платежное поручение по НДФЛ: образец 2017 года";"null";"21 апр 2017 ... Оплата НДФЛ в 2017 году платежным поручением. ... года. Основные правила заполнения и оплаты НДФЛ в бюджет. ... Лучше всего справиться с перечислением в бюджет налога с зарплатных доходов налоговому ...";"Образцы платежных поручений с расшифровкой полей в 2017 году";"null";"4 сен 2017 ... Готовые образцы платежного поручения на 2017 год ... Новые правила заполнения платежных поручений по НДФЛ в 2017 году · Стало ясно, ... Поэтому в поле «Код» при перечислении текущих налогов и взносов ...";
"D8EFA1A5-9F89-6CC3-C6EA-EBFB8062D200";"Как оплатить транспортный налог";"kak-oplatit-transportnyy-nalog";"qCvElNicKnc";"Проверить задолженность по уплате транспортного налога и как ...";"null";"";"Как оплатить транспортный налог — онлайн оплата налога на ...";"null";"14 дек 2016 ... Как оплатить транспортный налог онлайн. Услуга онлайн оплаты транспортного налога на машину физическим лицом сегодня ...";"Как оплатить транспортный налог: через Сбербанк-онлайн, по ...";"null";"Как оплатить транспортный налог. Оплата ТН юридическими лицами. Как получить извещение об оплате физическим лицам. Возврат переплаченного  ...";"Как заплатить транспортный налог если нет квитанции в 2017 ...";"null";"Как оплатить транспортный налог на машину без квитанции Любой владелец автомобиля сталкивался с ситуацией, когда оплачивать транспортный ...";
"9E60B9C9-755A-EF7C-309A-203622CF32C4";"Как заполнять счет фактуру в 2017 году";"kak-zapolnyat-schet-fakturu";"is_ciZO3mmY";"Новая форма счета-фактуры с 01.10.2017 года: образец";"null";"С 1 октября 2017 года порядок заполнения счета-фактуры дополнен новыми положениями.";"Счет-фактура с 1 июля 2017 года: новые форма и формат";"null";"30 май 2017 ... Новые форма и формат счетов-фактур с 1 июля 2017 года. Бланк и образец заполнения с учетом появления новой строки 8. Примеры.";"Корректировочный счет-фактура с 1 октября 2017 года: новая ...";"null";"Скачать новый бланк корректировочного счета-фактуры, применяемого с 1 октября 2017 ...";"Счет-фактура с и без НДС в 2017-2018 годах - nalog-nalog.ru";"null";"Однако с октября 2017 года изменился порядок заполнения данных об адресах продавца и покупателя. Также в форму счета-фактуры были добавлены ...";
"0AD6F01D-73A8-D964-7E7C-B1BFA232C200";"Как вернуть налог на квартиру";"kak-vernut-nalog-na-kvartiru";"5OnGrJuG0kc";"Возврат Налога При Покупке Квартиры 2015 2016 - Налогия";"null";"";"Налоговый вычет при покупке квартиры/дома - 2017 | Верни Налог";"null";"Вы можете вернуть деньги по ... Если Вы купили квартиру в прошлом и не ...";"Получение налогового вычета при покупке квартиры в Украине ...";"null";"Узнайте из статьи, как происходит получение налогового вычета при покупке квартиры или дома, и как вернуть сумму уплаченного налога.";"Возврат Налога При Покупке Квартиры 2015 2016 - Налогия";"null";"Возврат налога при покупке квартиры. Что такое вычет при покупке квартиры (и иной недвижимости). Вы можете вернуть себе деньги, уплаченные ...";
"98165BC8-3C62-D42E-2B94-BD049C53D1B7";"Как проверить книгу доходов и расходов";"kak-proverit-knigu-dohodov-i-rashodov";"K2naLupV2oY";"Как проверить павильность книги доходов и расходов?";"null";"Скорее всего, Вы на упрощенке, если по доходам, то берете книгу, открываете приход по банку и считаете 6%, если суммы в книге ...";"Книга учета доходов и расходов в 1С:УПП";"null";"Сформировать Книгу учета доходов и расходов можно сформировав отчет « Книга ... Также для проверки правильности формирования КУДиР можно ...";"Книга доходов и расходов в 1С 8.3 и что делать если расходы не ...";"null";"18 июн 2017 ... Как производится заполнение книги учета доходов и расходов в 1С. ... и проверить правильность последовательности документов.";"Как проверить правильность заполнения книги доходов и ...";"null";"Есть ли увязки при проверке книги доходов и расходов на УСН ( налогообложение доходы минус расходы), как проверить правильность ...";
"85D76EE1-4B3E-6AC9-41F9-3B7FE00F4D62";"Как уменьшить сумму ендв";"kak-umenshit-summu-endv";"nIYNyh0yr24";"Уменьшение ЕНВД на страховые взносы в 2017 году для ИП";"null";"С 2017 года ИП вправе уменьшать ЕНВД на страховые взносы «за ...";"Уменьшение ЕНВД на фиксированные платежи в 2017 году";"null";"12 май 2017 ... ЕНВД: уменьшение на страховые взносы в 2017 году. ... Вдобавок допустимо уменьшение ЕНВД на сумму страховых взносов и сразу ...";"Как уменьшить сумму единого налога — СКБ Контур";"null";"Если взносы уплачены единовременно, то сумму ЕНВД за этот квартал можно уменьшить на полную сумму оплаченных взносов. В случае если взносы ...";"Уменьшение ЕНВД на фиксированные платежи 2017 ...";"null";"Снижение суммы налога возможно за счет основного платежа. В то же время допустимо уменьшение ЕНВД на 1 процент страховых взносов, ...";
"DFF8A5D6-335F-7482-1BAB-E43059277B91";"Как уплатить подоходный налог";"kak-uplatit-podohodnyy-nalog";"bkRX-sqI37M";"Налог на доходы физических лиц - НДФЛ - Налогия";"null";"";"Налог на доходы физических лиц 2017,подоходный налог в ...";"null";"Размер, начисление и расчет подоходного налога. Льготы, удержание, возврат и возмещение, сроки уплаты, куда платить и как вернуть налог на ...";"НДФЛ: налог на доходы физических лиц Украины, расчет НДФЛ";"null";"НДФЛ - основной налог на прибыль физических лиц Украине. Плательщиками НДФЛ .... И в том, и в другом случае, нужно платить налоги с дохода.";"Подоходный налог с физических лиц в Украине: ставки, порядок ...";"null";"31.08.2015. Налоговый счет: сколько платят украинцы (Лонгрид). У государства нет своих средств. Каждый раз, когда оно что-то финансирует ...";
"DB53A46A-B4D4-E340-FA4B-89CAF6DB22DE";"Как платить вмененку в 2017 году";"kak-platit-vmenenku";"https://www.youtube.com/watch?v=kfsL0u1lCo4&sa=U&ved=0ahUKEwjH0O3k28fXAhXFYJoKHZcCBA0QtwIIFjAA&usg=AOvVaw28Eb8UH6ifYHwqQT-NZBzp";"Срок уплаты ЕНВД в 2017 году";"null";"В 2017 году ЕНВД платите по реквизитам ИФНС, которой подведомственна территория, где ведется «вмененная» ...";"КБК по ЕНВД на 2017 год: таблица";"null";"21 дек 2016 ... Поэтому ЕНВД они платят по местонахождению головного офиса. Также см. «Страховые взносы ИП на ЕНВД в 2017 году: что ...";"ЕНВД с 2017 года: изменения";"null";"19 янв 2017 ... Список изменений по ЕНВД с 2017 года. Что изменилось в перечне бытовых услуг по ОКВЭД, новая декларация и увеличенный вычет ...";"Как ИП в 2017 году платят ЕНВД - Главбух";"null";"20 сен 2017 ... От того, где работают предприниматели, зависит то, как ИП в 2017 году платят ЕНВД. Обычно налог перечисляют в ИФНС, ...";
"BD0B638D-9382-AA99-71F7-42C989136FF2";"Как получить налог с покупки квартиры в 2017 году";"kak-poluchit-nalog-s-pokupki-kvartiry";"https://www.youtube.com/watch?v=fFwmPOisZWw&sa=U&ved=0ahUKEwjc1Zj028fXAhXqNJoKHbVaAloQtwIIFjAA&usg=AOvVaw007n56VH3pl93JVYhd5KIK";"Возврат налога при покупке квартиры в 2017 году | ПапаЮрист.ру";"null";"В процессе приобретения любого типа недвижимости законом Российской Федерации гражданину предоставляется возможность получить от ...";"Налоговый вычет при покупке квартиры в ипотеку в 2017 году: как ...";"null";"Процедура налогового вычета при покупке квартиры в ипотеку позволяет Вам как собственнику имущества получить возмещение суммы подоходного  ...";"Налоговый вычет в 2017 году при покупке квартиры ...";"null";"27 мар 2017 ... Всё про налоговый вычет за 2016 год при покупке квартиры. Сумма ... получить предельную сумму возврата НДФЛ при покупке квартиры ...";"Налоговый вычет в 2017 году | Всё про НДФЛ";"null";"12 янв 2017 ... Налоговые вычеты 2017 года, которые могут получить обычные физические лица, разделяются на .... Вычет при покупке недвижимости.";
"E415F6CB-D26D-E01C-BC46-1210DD2EC577";"Как рассчитать сумму налога в 2017 году";"kak-rasschitat-summu-naloga";"LraaazCBs78";"Расчет зарплаты в Украине в 2017 году, зарплата 2017 в Украине";"null";"рассчитать доход, начисленный работнику за отработанное время (как правило месяц);; рассчитать сумму налогов и других удержаний, на которые  ...";"Налог на прибыль в 2017 году в Украине. Ставка налога: как ...";"null";"Размер налога на прибыль в 2017 году ... Сумма к уплате будет ...";"Земельный налог в 2017 году";"null";"5 фев 2017 ... Если сравнить ставки земельного налога в 2017 году с ... Физлицам сумму налога начисляют налоговые органы в ... Подскажите пожал как расчитать налог на землю : Харьков, часный дом , земли 4,77 соток.";"Налог на прибыль предприятий в 2017 году в Украине - Maanimo";"null";"30 май 2017 ... Сумма выплат рассчитывается самим налогоплательщиком. Периоды расчетов налога на прибыль в 2017 году совпадают с ...";
"E65E5153-4826-96CA-FF73-70AC3D8C69F0";"Как принять ндс к вычету в 2017 году";"kak-prinyat-nds-k-vychetu";"ADYa4hkf0kY";"Как подтвердить НДС к вычету в 2017 году";"null";"16 дек 2016 ... Вычет НДС в 2017 году: как правильно посчитать ... Приобретая объект основных средств, организация вправе принять к вычету НДС, ...";"Налоговые вычеты по НДС в 2017 году - Главбух";"null";"22 мар 2017 ... Чтобы получить налоговые вычеты по НДС в 2017 году, нужно ... Чтобы покупатель мог принять НДС к вычету, продавец должен ...";"Налоговые вычеты по НДС в 2017 году - Бухгалтерия.ру";"null";"1 дек 2016 ... Много нововведений вступает в силу и в 2017 году. ... Читайте также « Поставщик может принять НДС к вычету независимо от того, ...";"НДС в 2017 году - Учет. Налоги. Право";"null";"Декларация по НДС за 3 квартал 2017 года: бланк, пример заполнения ... Можно полностью принять к вычету НДС по услугам специальной оценки ...";
"5156622F-1A81-74FE-D3CD-D9B802C09066";"Как выписать счёт-фактуру в 2017 году";"kak-vypisat-schyot-fakturu";"https://www.youtube.com/watch?v=_Y5KOFjv5yw&sa=U&ved=0ahUKEwjqrs-_3MfXAhUKDJoKHcLrAy4QtwIIFjAA&usg=AOvVaw3sVaq6ppfMBfcWFEKNbb_e";"Счет-фактура с 01.10.2017 года: образец";"null";"3 окт 2017 ... Изменения в счетах-фактурах с 1 октября 2017 года: что именно ... Новая форма счета-фактуры с 1 октября 2017 года: бланк и образец заполнения .... Можно ли выписывать счет-фактуру два раза в месяц.";"Счет-фактура с 1 июля 2017 года: новые форма и формат";"null";"30 май 2017 ... С 1 июля 2017 года вводится в действие новая форма счета-фактуры. Также с этой даты обязательным становится новый формат ...";"Новый счет-фактура с 1 июля 2017 года | Современный ...";"null";"Основание для принятия покупателем к вычету предъявленных ему сумм НДС - выставленные продавцом счета-фактуры. С 01.07.2017 г. всем ...";"Счет-фактура с и без НДС в 2017-2018 годах - nalog-nalog.ru";"null";"Счет-фактура - документ, на основании которого НДС можно принять к вычету, тем самым уменьшив сумму налога на добавленную стоимость, ...";
"2B23487F-89AB-AF46-3D9D-483AF9372FBB";"Как сдавать нулевой баланс";"kak-sdavat-nulevoy-balans";"FjB1QV_9fbc";"Баланс, нулевой баланс, нулевые отчеты | ЦБУиНП Консультант";"null";"Cуть понятий нулевой баланс, нулевая отчетность, бухгалтерские услуги ... сдавать как бухгалтерские балансы в обычном режиме, так и нулевые ...";"outsource-dk.com.ua - Нулевая отчетность";"null";"... подготовке и сдаче нулевой отчетности ... и Баланса целесообразно ...";"Нулевая отчётность — Википедия";"null";"Нулевой баланс (нулевая отчётность) — комплекс бухгалтерской, налоговой и ... если сдаётся вместе с нулевым балансом от дискеты не отказываются. Необходимо сдавать нулевую отчётность только по следующим налогам.";"Нулевой бухгалтерский баланс ООО 2016 образец заполнения ...";"null";"В таком случае все равно требуется сдавать отчетность, в том числе нулевой баланс, ведь за неподачу нулевой отчетности наступают штрафы, ...";
"3947A916-6DBE-4416-C831-C0EAC00F8929";"Как учитывать ндс при авансе в 2017 году";"kak-uchityvat-nds-pri-avanse";"mWY0WAnBJSI";"НДС с авансов полученных в 2017 году";"null";"16 дек 2016 ... Многие бухгалтеры ждали в 2017 году изменения по НДС с авансов полученных. Но тут ничего не поменяли. При получении аванса ...";"НДС с авансов: полученных и выданных 2017 - Сальдовка";"null";"Нужно ли платить НДС с полученных авансов? ... При получении аванса за будущие отгрузки продавец делает следующие проводки по авансовому ...";"Бухучет НДС: шпаргалка на все случаи. Бухгалтер 911, № 9 ...";"null";"9 фев 2017 ... Из журнала Бухгалтер 911, № 9, Февраль, 2017 | iFactor. ... Перечислен аванс продавцу ... Отражен НДС при получении товаров ..... расчеты корректировки без регистрации», который бы учитывал .... Оформляй подписку на 2018 год, получай сертификат до 3000 грн. на покупки в "АЛЛО"!";"Авансовый НДС: начисляем, вычитаем, восстанавливаем ...";"null";"В ноябре 2017 г. нас читают в бухгалтериях 30000 российских компаний. ... Ведь вычет предоставляется при возврате аванса и расторжении договорап.";
