Как приготовить тертый пирог;Советы  по приготовлению тёртого пирога;Как правильно готовить тёртый пирог. Рецепты приготовления тёртого пирога с вареньем.;как правильно испечь тёртый пирог
Как приготовить пирог с яблоками;Рекомендации по приготовлению пирога с яблоками;Как быстро приготовить пирог с яблоками. Рецепты пирога с яблоками пошагово;как испечь пирог с яблоками рецепт с фото
Как приготовить пирог с вишней;Секреты быстрого приготовления пирога с вишней;Как вкусно приготовить пирог с вишней. Разные способы выпечки пирога с вишней;как вкусно приготовить пирог с вишней
Как приготовить пирог с творогом;Советы по выпеканию пирога с творогом;Как можно приготовить пирог с творогом - простые рецепты. Как правильно готовить пирог с вишней на кефире, в мультиварке, с какао, песочный;как приготовить пирог с вишней на кефире
Как приготовить сливовый пирог;Способы выпекания пирога из слив;Как правильно приготовить сливовый пирог;как быстро и вкусно испечь сливовый пирог
Как приготовить пирог на кефире;Способы выпекания пирога на кефире. ;Как приготовить пирог на кефире - простые рецепты с фото;как правильно готовить пирог на кефире
Как приготовить тыквенный пирог;Способы выпекания тыквенного пирога.;Как испечь тыквенный пирог - пошаговый рецепт с фото.;как вкусно приготовить тыквенный пирог
Как приготовить морковный пирог;Советы по выпеканию морковного пирога;Как правильно испечь морковный пирог. Простые рецепты вкусного морковного пирога;как приготовить вкусный морковный пирог
Как приготовить пирог в мультиварке;Рекомендации по вепеканию порога в мультиварке;Как выпекать пирог в мультиварке;как просто приготовить вкусный пирог в мультиварке
Как приготовить пирог в духовке;Секреты выпекания вкусного пирога в духовке;Как правильно испечь пирог в духовке;как просто приготовить вкусный пирог в духовке
Как приготовить  пирог зебру ;Секреты выпекания пирога Зебра;Как вкусно испечь пирог зебра - пошаговый рецепт;как просто приготовить пирог Зебра
Как приготовить луковый пирог;Советы по выпеканию лукового пирога;Как правильно готовить луковый пирог в духовке, в мультиварке. Рецепты вкусного лукового пирога;как приготовить вкусный луковый пирог с сыром
Как приготовить пирог с капустой;Способы выпекания пирога с капустой;Как испечь пирог с капустой - простой рецепт с фото;как испечь вкусны пирог с капустой
Как приготовить пирог с картошкой;Секреты приготовления пирога с картошкой;Как быстро испечь вкусный пирог с картошкой. Рецепты выпекания пирога с картошкой пошагово;как вкусно приготовить пирог с картошкой
Как приготовить пирог с мясом;Советы по выпеканию пирога с мясом;Как правильно испечь пирог с мясом. Простой рецепт пирога с мясом;как приготовить вкусный пирог с мясом в духовке
Как приготовить пирог с вареньем;Секреты выпекания пирога  с вареньем;Как приготовить вкусный пирог с вареньем. Рецепт вкусного пирога с вареньем;как испечь вкусный пирог с вареньем
Как приготовить пирог с повидлом;Советы по выпеканию пирога с повидлом;Как правильно приготовить пирог с повидлом. Рецепт приготовления вкусного пирога с повидлом;как вкусно приготовить пирог с повидлом
Как приготовить пирог с джемом;Способы приготовления пирога с джемом;как правильно приготовить пирог с джемом. Пошаговый рецепт пирога с джемом;как быстро приготовить вкусный пирог с джемом
как приготовить пирог с абрикосами;Секреты выпекания пирога с абрикосами;Как вкусно испечь пирог с абрикосами. Простой рецепт пирога с абрикосами;как приготовить пирог с абрикосами
Как приготовить лимонный пирог;Способы приготовления лимонного пирога;Как испечь лимонный пирог с яблоками. Рецепт пирога с лимоном в мультиварке;как приготовить вкусны лимонный пирог
Как приготовить пирог с клубникой;Секреты приготовления пирога с клубникой;Как правильно готовить пирог с клубникой. Рецепт приготовления пирога с клубникой пошагово;как вкусно приготовить пирог с клубникой
Как приготовить заливной пирог;Советы по приготовлению заливного пирога ;Как правильно готовить заливной пирог. Рецепты заливного пирога с капустой, с мясом;как просто приготовить вкусный заливной пирог
Как приготовить рыбный пирог;Способы приготовления пирога с рыбой;Как правильно печь пирог с рыбой. Рецепт приготовления пирога с рыбой;как правильно приготовить рыбный пирог
Как приготовить банановый пирог;Секреты выпекания бананового пирога;Как быстро приготовить банановый пирог. Рецепт бананового пирога с фото;как испечь пирог из банана
Как приготовить пирожки на кефире;Способы приготовления пирожков на кефире. ;Как приготовить вкусные пирожки на кефире. Рецепт приготовления пышных пирожков на кефире;как приготовить вкусные пирожки на кефире
Как приготовить жареные пирожки;Секреты приготовления жаренных пирожков;Как пожарить вкусные пирожки с мясом;как жарить вкусные пирожки
Как приготовить печеные пирожки;Способы приготовления печёных пирожков;Как испечь пирожки в духовке. Рецепт вкусных пирожков с вареньем пошагово;как приготовить печёные пирожки в духовке
Как приготовить пирожки с капустой;Секреты выпекания вкусных пирожков с капустой.;Как приготовить пирожки с капустой. Рецепт приготовления вкусных пирожков с капустой в духовке;как вкусно приготовить пирожки с капустой
Как приготовить пирожки с картошкой;Секреты приготовления вкусных пирожков с картошкой;Как быстро приготовить вкусные пирожки с картошкой. Простой рецепт приготовления пирожков с картошкой;как правильно приготовить пышные пирожки с капустой
Как приготовить сладкие пирожки;Способы приготовления сладких пирожков;как приготовить сладкие пирожки в духовке, на сковороде. Рецепт приготовления вкусных сладких пирожков с повидлом;как правильно готовить сладкие пирожки
Как приготовить пирожки с вишней;Способы приготовления пирожков с вишней;Как приготовить пирожки с вишней в духовке. Рецепт вкусных пирожков с вишней;как правильно приготовить пирожки с вишней
Как приготовить пирожки с маком;Секреты выпекания пирожков с маком в духовке;Как испечь вкусные пирожки с маком. Рецепт пирожков с маком из слоёного теста.;как приготовить пирожки с маком
Как приготовить пирожки с мясом;Советы по приготовлению пирожков с мясом.;Как готовить пирожки с мясом. Рецепт жаренных пирожков с мясом на кефир в духовке;как правильно готовить пирожки с мясом 
Как приготовить  пирожки с яйцом и зеленью;Способы приготовления пирожков с яйцом и зеленью;как правильно готовить пирожки с яйцом и зеленью;как приготовить вкусные пирожки с яйцом и зеленью
Как приготовить пирожки с творогом;Секреты приготовления пирожков с творогом;Как готовятся пирожки с творогом. Простой рецепт приготовления пирожков с творогом с фото;как приготовить пирожки с творогом пошагово
Как приготовить пирожки со шпинатом;Секреты приготовления пирожков со шпинатом;Как готовить пирожки со шпинатом. Рецепт готовки пирожков со шпинатом ;как приготовить пирожки со шпинатом вкусно
Как приготовить пирожки с вареньем;Способы приготовления пирожков с вареньем;Как приготовить пирожки с вареньем в духовке. Рецепт приготовления пирожков с вареньем пошагово;как правильно готовить пирожки с вареньем
Как приготовить пирожки с джемом;Способы выпекания пирожков с джемом в духовке;Как правильно испечь вкусные пирожки с джемом. Рецепт пирожков с джемом в духовке из дрожжевого теста;как правильно приготовить вкусные пирожки из джема в духовке
Как приготовить мороженое;Способы приготовления мороженого;Как правильно готовить мороженое. Рецепт приготовления мороженого;как приготовить мороженое дома простой рецепт
Как приготовить плацинду;Советы по приготовлению плацинды на кефире;Как готовить плацинды на кефире. Рецепт приготовления плацинд с картошкой, с творогом в духовке;как приготовить вкусные плацинды
Как приготовить лаваш;Секреты приготовления лаваша дома;Как правильно готовить лаваш. Рецепт лаваша пошагово;как готовить лаваш дома
Как приготовить вертуту;Способы приготовления вкусной вертуты;Как испечь вертуту с творогом, с вишней, с тыквой. Рецепт вкусной вертуты в духовке;как правильно готовить вкусную вертуту
Как приготовить рулет;Способы приготовления рулета дома;Как правильно готовить рулет. Рецепт вкусного рулета;как приготовить вкусный рулет
Как приготовить рулет с маком;Секреты выпекания рулета с маком;Как правильно испечь рулет с маком. Простой рецепт рулета с маком;как быстро испечь рулет с маком
Как приготовить бисквитный рулет ;Секреты выпечки бисквитного пирога;как правильно приготовить бисквитный пирога Рецепт вкусного бисквитного пирога;как испечь бисквитный пирог
Как приготовить рулет с мясом;Способы приготовления рулета с мясом;как правильно запечь рулет с мясом. Рецепт мясного рулета;как приготовить мясной рулет
Как приготовить рулет из лаваша;Способ приготовления рулета из лаваша;Как быстро приготовить рулет из лаваша с корейской морковкой в духовке. Вкусный рецепт рулета из лаваша;как быстро приготовить рулет из лаваша
Как приготовить шаурму;Секреты приготовления шаурмы;Как правильно готовить шаурму дома. Рецепт вкусной домашней шаурмы;как приготовить домашнюю шаурму из лаваша
Как приготовить пончики;Секреты приготовления пышных пончиков;Как правильно жарить пончики. Рецепт вкусных пончиков на скорую руку.;как быстро приготовить пончики
Как приготовить эклеры;Способы приготовления эклеров;Как правильно готовить эклеры. Рецепт эклеров с заварным кремом;как приготовить эклеры с заварным кремом простой рецепт
Как приготовить кекс;Способы выпекания кекса;Как приготовить кекс на кефире, на сметане. Рецепт кекса с изюмом;как правильно приготовить кекс 
Как приготовить слойку;Советы по приготовлению слойки. ;Как правильного готовить слойку. Рецепт слойки с вишней, с яблоком, с мясом, с джемом.;как просто приготовить вкусную слойку
Как приготовить печенье;Секреты приготовления рассыпчатого хрустящего  печенья.;Как правильно испечь вкусное печенье;как вкусно испечь печенье
Как приготовить овсяное печенье;Способы приготовления овсяного печенья;Как быстро приготовить овсяное печенье. Рецепт вкусного овсяного печенья.;как испечь овсяное печенье простой рецепт
Как приготовить творожное печенье;Советы по приготовлению творожного печенья. ;Как испечь вкусное творожное печенье. Рецепт творожного печенья без масла;как испечь вкусное творожное печенье
Как приготовить слоеное печенье;способы приготовления слоёного печенья.;Как испечь слоёное печенье. Простой рецепт вкусного слоёного печенья.;как приготовить вкусное слоёное печенье
Как приготовить песочное печенье;Способы приготовления песочного печенья;Как испечь песочное печенье. Рецепт песочного печенья пошагово;как быстро приготовить песочное печенье
Как приготовить имбирное печенье;Секреты выпекания имбирного печенья;Как правильно готовить имбирное печенье. Рецепт имбирного печенья с фото;как испечь имбирное печенье
Как приготовить печенье на сметане;Советы по приготовлению печенья на сметане.;Как быстро приготовить печенье на сметане. Рецепт вкусного печенья на сметане;как можно приготовить печенье на сметане рецепт с фото
Как приготовить торт из печенья;Советы по приготовлению торта из печенья.;Как быстро приготовить торт из печенья. Рецепт торт из печенья Ушки, Наполеон, с бананом;как приготовить торт из печенья пошагово
Как приготовить печенье на кефире;Советы по выпеканию печенья на кефире.;Как испечь  печенье на кефире. Рецепт приготовления печенья на кефире;как правильно приготовить печенье на кефире
Как приготовить соленое печенье;Секреты выпекания солёного печенья;Как правильно готовить солёное хрустящее печенье. Рецепт солёного печенья с семечками, с сыром;как приготовить вкусное солёное печенье с сыром
Как приготовить сладкое печенье;Советы по выпеканию сладкого печенья.;Как быстро и просто приготовить сладкое печенье. Рецепт сладкого печенья пошагово.;как испечь сладкое печенье пошаговый рецепт
Как приготовить галетное печенье;Советы по приготовлению галетного печенья;Как приготовить галетное печенье. Рецепт выпечки галетного печенья.;как испечь галетное печенье
Как приготовить кокосовое печенье;Советы по выпеканию кокосового печенья;Как правильно готовить кокосовое печенье. Рецепт кокосового печенья Блаженство;как правильно готовить кокосовое печенье с мукой
Как приготовить торт наполеон;Секреты выпекания торта Наполеон;Как правильно печь торт Наполеон. Классический рецепт торта Наполеон;как испечь торт Наполеон
Как приготовить медовик;Советы по приготовлению медовика;Как испечь медовик ;как правильно приготовить медовик
Как приготовить  бисквит;Способы выпекания бисквитного торта;Как испечь бесквитный торт. Простой рецепт бисквитного торта;как правильно испечь бисквит
Как приготовить пражский торт;Секрет приготовления Пражского торта;Как испечь Пражский торт. Рецепт приготовления Пражского торта;как правильно готовить Пражский торт 
Как приготовить киевский торт;Секреты приготовления Киевского торта.;Как правильно испечь Киевский торт. Рецепт приготовления классического Киевского торта;как приготовить киевский торт
Как приготовить шоколадный торт;Способы выпекания шоколадного торта с глазурью;Как испечь шоколадный торт. Простой рецепт приготовления вкусного шоколадного торта;как испечь шоколадный торт пошаговый рецепт
Как приготовить торт муравейник;Секреты приготовления торта Муравейник;Как испечь торт Муравейник;как правильно приготовить торт Муравейник
Как приготовить торт зебра;Секреты приготовления торта Зебра;Как испечь торт Зебра вкусно. Рецепт торта Зебра пошаговый с фото;как правильно готовить торт Зебра
Как приготовить торт птичье молоко;Способы приготовления торта Птичье молоко;Как испечь торт Птичье молоко. Рецепт вкусного торта Птичье молоко;как правильно выпекать торт Птичье молоко
Как приготовить торт монастырская изба;Советы по выпечке торта Монастырская изба;Как испечь торт Монастырская изба. Пошаговый рецепт торта Монастырская изба с фото;как правильно приготовить торт Монастырская изба
Как приготовить торт битое стекло;Секреты приготовления торта Битое стекло;Как испечь торт Битое стекло;как приготовить торт Битое стекло пошаговый рецепт
Как приготовить йогуртовый торт;Советы по приготовлению йогуртового торта без выпечки;Как быстро приготовить йогуртовый торт. Рецепт йогуртового торта без выпечки;как приготовить йогуртовый торт без выпечки
Как приготовить торт Спартак;Секреты выпекания торта Спартак;Как испечь торт Спартак. Пошаговый рецепт выпечки торта Спартак;как правильно испечь торт Спартак
Как приготовить вафли;Секреты выпекания домашних вафлей;Как правильно испечь хрустящие вафли. Рецепт вкусных домашних вафлей. Венские вафли - рецепт;как правильно испечь вкусные вафли простой рецепт
Как приготовить ленивые вареники;Способы приготовления ленивых вареников;Как сварить ленивые вареники Рецепт приготовления ленивых вареников;как сварить  вкусные ленивые вареники быстро 
Как приготовить ленивые голубцы;Секреты приготовления вкусных ленивых голубцов;Как правильно готовить ленивые голубцы. Рецепт приготовления ленивых голубцов пошагово;как правильно варить ленивые голубцы
Как приготовить вареники с картошкой;Способы приготовления вареников с картошкой;Как правильно сварить вареники с картошкой. Простой рецепт приготовления вкусных вареников с картошкой.;как сварить вареники с картошкой
Как приготовить вареники с капустой;Секреты приготовления вареников с капустой;Как правильно варить  вареники с капустой. Рецепт вареников с капустой по-домашнему.;как сварить вареники с капустой быстро
Как приготовить вареники с вишней;Секреты приготовления вареников с вишней;Как правильно готовить вареники с вишней. Рецепт приготовления вареников с вишней пошагово с фото;как правильно готовить вареники с вишней
Как приготовить вареники с творогом;Секреты приготовления вареников с творогом;Как быстро приготовить вареники с творогом;как сварить вареник с творогом
Как приготовить вареники с сыром;Советы по приготовлению вареников с сыром;Как быстро приготовить вкусные вареники с сыром;как сварить вареник с сыром
Как приготовить вареники с мясом;Способы приготовления вареников с мясом;Как правильно приготовить вареники с мысом. Рецепт приготовления вареников с мясом;как сварить вареники с мясом
Как приготовить вареники на пару;Способы приготовления диетических вареников на пару;Как приготовить диетические вареник на пару. Рецепт приготовления вареников на паровой бане;как правильно варить вареники на пару
Как приготовить тесто для пиццы;Способы приготовления теста для пиццы;Как подготовить тесто для пиццы. Рецепт теста для пиццы;как правильно приготовить тесто для пиццы
Как приготовить тесто на вареники ;Способы приготовления теста на вареники;Как приготовить тесто для вареников. Какие есть виды теста для вареников;как правильно приготовить тесто на вареники
Как приготовить тесто на пельмени;Способы приготовления теста на пельмени;Как правильно замесить тесто на пельмени. Разные рецепты теста на пельмени;как быстро замесить тесто на пельмени
Как приготовить слоеное тесто;Способы приготовления слоёного теста;Как правильно приготовить слоёное тесто. Рецепт домашнего слоёного теста;как быстро приготовить слоёное тесто
Как приготовить песочное тесто;Способы приготовления песочного теста;Как правильно замесить песочное тесто. Рецепт приготовления песочного теста.;как просто приготовить песочное тесто 
Как приготовить сдобное тесто;Способы приготовления сдобного теста;Как замесить сдобное тесто. Рецепт пышного сдобного теста;как замесить сдобное тесто
Как приготовить дрожжевое тесто;Секреты приготовления дрожжевого теста;Как правильно приготовить дрожжевое тесто. Рецепт теста на дрожжах;как быстро приготовить дрожжевое тесто
Как приготовить заварное тесто;Способы приготовления заварного теста;Как подготовить заварное тесто. Рецепт заварного теста;как приготовить заварное тесто
Как приготовить тесто на пирожки;Способы приготовления теста на пирожки;Как правильно замесить тесто на пирожки. Рецепт приготовления теста на пирожки.;как приготовить воздушное тесто на пирожки 
Как приготовить тесто для паски;способы приготовления теста для пски;Как правильно приготовить тесто для паски. Рецепт приготовления теста для паски;как приготовить тесто для паски простой рецепт
Как приготовить тесто для лазаньи;Секреты приготовления теста для лазаньи;Как правильно приготовить тесто для листов лазаньи. Рецепт теста для лазаньи;как замесить тесто для домашней лазаньи
Как приготовить печеночный торт;Секреты приготовления вкусного печёночного торта;Как правильно приготовить печёночный торт. Рецепт печёночного торта на скорую руку;как приготовить вкусный печёночный торт
Как приготовить сосиски в тесте;Способы запекания сосисок в тесте;Как правильно запечь сосиски в тесте по-домашнему. Рецепт сосисок в тесте ;как запечь сосиски в тесте дома
Как приготовить чебуреки;Способы приготовления домашних чебуреков;Как просто приготовить чебуреки. Рецепт домашних чебуреков.;как правильно приготовить хрустящие чебуреки
Как приготовить зразы;Способы приготовления зразов в духовке;Как правильно приготовить зразы картофельные, с грибами. Рецепт приготовления зразов ;как запечь зразы в духовке
Как приготовить подливу;Секреты приготовления вкусной домашней подливы;Как приготовить вкусную подливу. Рецепт вкусной и простой подливы.;как приготовить вкусную подливу по-домашнему
Как приготовить бульон;Способы приготовления вкусного бульона на мясе или рыбе;Как вкусно сварить бульон по-домашнему. Рецепт вкусного домашнего мясного, рыбного, овощного бульона ;как сварить наваристый бульон 
Как приготовить сыр;способы приготовления домашнего сыра;Как правильно варить домашний сыр. Рецепт приготовления сыра в домашних условиях;как сварить вкусный домашний  сыр 
Как приготовить творог;Секреты приготовления нежного домашнего творога;Как приготовить домашний творог. Рецепт приготовления нежного домашнего сыра;как самостоятельно приготовить сыр
Как приготовить сметану;Способы приготовления сметаны в домашних условиях;Как правильно приготовить сметану. Рецепт домашней сметаны;как приготовить домашнюю сметану
Как приготовить сливки;Способы приготовления сливок в домашних условиях;Как правильно приготовить  сливки. Рецепт приготовления сливок в домашних условиях;как приготовить сливки по-домашнему
Как приготовить щи;Секреты приготовления вкусных щей;Как вкусно сварить щи. Рецепт вкусных щей пошагово;как правильно варить щи
Как приготовить салат мимоза;Рекомендации по приготовлению салата Мимоза;Как правильно готовить салат Мимоза. Рецепт вкусного салата Мимоза;как правильно готовить салат Мимоза
Как приготовить сельдь под шубой;Способы приготовления сельди под шубой;Как к приготовить сельдь под шубой. Рецепт приготовления сельди под шубой.;как правильно готовить сельдь под шубой идеальный рецепт
Как приготовить винегрет;Способы приготовления винегрета;Как правильно готовить винегрет. Рецепт необычного винегрета.;как необычно приготовить винегрет
Как приготовить греческий салат;Секреты приготовления настоящего Греческого салата;Как приготовить классический греческий салат. Рецепт греческого салата пошагово;как правильно готовить греческий салат
Как приготовить салат с крабовыми палочками;Способы приготовления салата с крабовыми палочками;Как правильно готовить  салат с крабовыми палочками. Рецепт салата с крабовыми палочками - быстро и вкусно;как приготовить салат с крабовыми палочками простой рецепт
Как приготовить салат из пекинской капусты;Советы по приготовлению салата из пекинской капусты.;Как правильно приготовить салат из пекинской капусты. Рецепт салата из пекинской капусты - необычное приготовление.;как быстро приготовить салат из пекинской капусты
Как приготовить салат с тунцом;Секреты приготовления вкусного салата с тунцом;Как правильно готовить салат с тунцом. Рецепт салата с тунцом пошагово.;как быстро и вкусно приготовить салат с тунцом
Как приготовить салат с рыбой;Рекомендации по приготовлению салата с рыбой;Как правильно готовить салат с рыбой. Вкусный рецепт салата с рыбой.;как вкусно приготовить салат с рыбой
Как приготовить салат подсолнух;Секреты приготовления салата Подсолнух;Как правильно готовить салат Подсолнух. Рецепт приготовления салата Подсолнух пошагово;как просто приготовить салат Подсолнух 
Как приготовить салат с кукурузой;Рекоме6ндации по приготовлению салата с кукурузой.;Как  быстро приготовить вкусный салат Подсолнух. Рецепт салата Подсолнух.;как приготовить салат Подсолнух вкусно
Как приготовить салат оливье;Секреты приготовления настоящего салата Оливье;Как приготовить классический салат Оливье. Рецепт салата Оливье с колбасой, с курицей;как правильно приготовить салат Оливье 
Как приготовить салат с печенью трески;Рекомендации по приготовлению салата с печенью трески;Как просто приготовить вкусный салат с печенью трески;как правильно готовить салат с печенью трески
Как приготовить салат весенний;Советы по приготовлению салата Весенний;Как просто приготовить Весенний салат дома;как приготовить вкусный Весенний салат
Как приготовить салат без майонеза;Способы приготовления салата без майонеза;Как приготовить вкусны салат без майонеза. Что важно учесть при готовке салата без майонеза. Рецепт вкусного салата без майонеза;как приготовить вкусный салат без майонеза
Как приготовить салат из кальмаров;Способы приготовления салата из кальмаров;Как приготовить вкусный салат из кальмаров. Рецепт салата из кальмаров - пошагово;как готовить салат из кальмаров правильно
Как приготовить салат из зеленых помидор;Рекомендации по приготовлению салата из зелёных помидор на зиму;Как приготовить вкусный салат из зелёных помидор на зиму. Рецепт приготовления салата из зелёных помидор для консервации;как приготовить вкусный салат из зелёных помидор на зиму
Как приготовить салат с сухариками;Секреты приготовления салат из сухариков;Как правильно готовить салат с сухариками. Рецепт салата с сухариками пошагово.;как приготовить вкусный салат с сухариками
Как приготовить салат гранатовый браслет;Советы по приготовлению салата Гранатовый браслет;Как просто приготовить салат Гранатовый браслет. Рецепт приготовления салата Гранатовый браслет, пошагово;как правильно готовить салат Гранатовый браслет
Как приготовить салат вулкан;Секреты приготовления вкусного салата Вулкан;Как приготовить вкусный салат Вулкан. Рецепт приготовления салата Вулкан пошагово с фото;как приготовить вкусно салат Вулкан
Как приготовить салат с ананасами;Способы приготовления салата с ананасами;Как правильно готовить салат с ананасами. Рецепт приготовления салат с ананасами;как правильно готовить салат с ананасами
Как приготовить фруктовый салат;Рекомендации по приготовлению фруктового  салата ;Как правильно приготовить фруктовый салат, чтоб было вкусно. Простой рецепт приготовления салата из фруктов;как приготовить вкусный фруктовый салат пошагово
Как приготовить салат из свеклы;Рекомендации по приготовлению салата из свёклы;Как приготовить вкусный салат из свёклы. Простой рецепт приготовления салата из свёклы;как приготовить салат из свёклы вкусно
Как приготовить салат с языком;Секреты приготовления вкусного и нежного салат с языком.;Как правильно приготовить салат с языком по-домашнему. Рецепт вкусного салата с языком;как правильно приготовить салат с языком
Как приготовить домашний майонез;Секреты приготовления домашнего майонеза;Как правильно приготовить майонез в домашних условиях. Рецепт домашнего майонеза.;как приготовить майонез простой рецепт
