Заголовок;Title; Description;Общий вопрос;Уникальность
Как избавиться от  тараканов;Методы борьбы с тараканами;Как избавиться от тараканов собственными силами. Что делать, если завелись тараканы. ;как вывести тараканы из квартиры;
Как избавиться от  муравьев в доме;Методы борьбы с муравьями;Как вывести муравьев в доме Как избавиться от муравьев в квартире. Проверенные способы избавления от муравьёв в доме. Что делать чтобы вывести муравьёв ;как вывести муравьи из дому;
Как избавиться от  ос;Способы избавления от ос;Как избавиться от ос самостоятельно. Что делать чтобы избавиться от осиного гнезда. Что делать, если завелись осы;как самостоятельно избавиться от ос;
Как избавиться от  мух;Секреты избавления от мух;Как правильно избавляться от мух. Какие есть проверенные методы избавления от мух. Как вывести мух самостоятельно;как избавиться от мух самостоятельно;
Как избавиться от  крота;Советы по избавлению от крота на участке;Как вывести крота из своего участка. Как самостоятельно побороть крота на своём участке. Что делать. Если завёлся крот на огороде;как побороть крота на огороде;
Как избавиться от  бабочки;Совет - как быстро избавиться от бабочки;Как бороться с бабочкой. Что делать, если завелась бабочка. Как вывести бабочку. Методы борьбы с бабочкой ;как побороть бабочку самостоятельно;
Как избавиться от  мотыльков;Методы избавления от мотыльков;Как правильно бороться с мотыльками. Что делать, если завелись мотыльки в доме. Различные методы борьбы с мотыльками ;как избавиться от мотыльков;
Как избавиться от  тли;Советы по избавлению от тли на своём участке;Как правильно бороться с тлёй на огороде. Что делать, если завелась тля на участке. Действенные методы борьбы с тлёй;как побороть тлю на даче;
Как избавиться от  вредителей на даче;Методы избавления от вредителей на участке;Как избавиться от вредителей на участке. Что делать, если завелись вредители на огороде. Что делать, чтобы побороть вредителей на даче;как побороть вредителей на дачном участке;
Как избавиться от  клопов;Секреты борьбы с клопами;Как вывести клопов. Как побороть клопов в доме. Что делать, если завелись клопы.;как побороть клопов собственными силами;
Как избавиться от  комаров;Методы борьбы с комарами;Как побороть комаров самому. Как избавиться от комаров - проверенные способы. Что делать, чтобы не летали комары;как бороться с комарами;
Как избавиться от  жуков;Методы избавления от жуков на огороде;Как правильно избавиться от жуков. Что делать, если завелись жуки на огороде. Как вывести жуки самостоятельно;как побороть жуков на ограде;
Как избавиться от  долгоносиков;Совет - как избавиться от долгоносиков;Какие есть методы избавления от долгоносиков. Что делать, если завелись долгоносики. Как побороть долгоносиков;как самому избавиться от долгоносиков;
Как избавиться от  сорняков;Методы избавления от сорняков;Как очистить огород от сорняков. Как вывести сорняки на даче;как избавиться от сорняков на городе;
Как избавиться от  вшей;Секреты избавления от вшей;Как вывести вшей. Что делать если завелись вши. Проверенные способы удаления вшей;как вывести вши в домашних условиях;
Как избавиться от  глистов;Советы по выведению глистов из организма;Как избавиться от глистов самостоятельно. Что делать, если заметили глисты. ;как бороться с глистами;
Как избавиться от  мошек;Методы борьбы с мошками;Как избавиться от мошек. Что делать, если завелись мошки в доме. Проверенные методы борьбы с мошками;как бороться с мошками правильно;
Как избавиться от  кротов;Совет - что делать, чтобы вывести кротов из огорода;Как правильно избавиться от кротов на огороде навсегда. Что надо знать чтобы побороть кротов.;как вывести кротов из теплицы;
Как избавиться от  паразитов;методы очищения от паразитов;Как бороться с паразитами. Что надо знать, чтобы вывести паразитов навсегда;как вывести паразитов в организме в домашних условиях;
Как избавиться от  мышей;Совет - как бороться с мышами в доме;Как правильно бороться с мышами в квартире;как избавиться от мышей в частном доме;
Как избавиться от  депрессии;Советы по избавлению от депрессии;Как побороть депрессию самостоятельно. Что делать чтобы выйти из депрессивного состояния;как избавиться от депрессии;
Как избавиться от  любви;Секрет - как разлюбить человека;Как перестать любить человека, который тебе не нужен. Как разлюбить человека - верные способы избавления от любви;как избавиться от безответной любви;
Как избавиться от  икоты;Методы избавления от икоты;Как побороть икоту без воды. Что делать, чтобы перестать икать. ;как перестать икать без воды;
Как избавиться от  прыщей;Советы по избавлению от прыщей в домашних условиях;Как избавиться от прыщей на лбу, на попе. Как избавиться от прыщей за одну ночь. Как избавиться от прыщей в подростку;как избавиться от прыщей в домашних условиях;
Как избавиться от  угрей;Советы - как вывести угри в домашних условиях;Как вывести угри на спине, на спине, на носу, на лбу. Что делать, чтобы пропали угри;как вывести угри в домашних условиях, чтобы они не появлялись;
Как избавиться от  черных точек;Методы по устранению чёрных точек на лице;Как избавится от чёрных точек на лице. Что делать, чтобы исчезли чёрные точки на лице;как избавиться от чёрных точек на лице в домашних условиях;
Как избавиться от  храпа;Методы избавления от храпа навсегда;Как перестать храпеть девушке, мужчине. Что делать чтобы не храпеть. ;как избавиться от храпа навсегда;
Как избавиться от  соплей;Методы избавления от соплей;Как избавиться от соплей у грудничка, в горле. Что делать чтобы пропали сопли;как избавиться от соплей в домашних условиях;
Как избавиться от  похмелья дома;Советы, которые помогут при похмелье;Как избавиться от похмелья в домашних условиях. Как снять похмелье быстро самому;как избавиться от похмелья в домашних условиях;
Как избавиться от  изжоги;Совет - как действовать при изжоге;Как справиться с изжогой беременной. Как побороть изжогу в горле. Что делать, чтобы не было изжоги;как избавиться от изжоги в домашних условиях;
Как избавиться от  запаха в обуви;Советы по устранению запаха в обуви;Как устранить запах в обуви быстро. Что делать, чтобы  не было неприятного запаха в обуви. Народные методы устранения запаха в обуви;как избавиться от неприятного запаха в обуви народными средствами;
Как избавиться от  бородавок;Советы по выведению бородавок;Как вывести бородавки на лице, на руках. Как избавиться от бородавок в домашних условиях;как избавиться о бородавок народными способами;
Как избавиться от  мешков под глазами;Светы по удалению мешков под глазами;Как сделать так чтобы под глазами не было мешков под глазами. Как устранить мешки под глазами быстро. ;как избавиться от мешков под глазами в домашних условиях;
Как избавиться от  синяков;Методы избавления от синяков;Как избавиться от синяков под глазами быстро. Как в домашних условиях устранить синяки на руках, на ногах.;как устранить синяки быстро ;
Как избавиться от  растяжек;Методы избавления о  растяжек после родов;Как удалить растяжки после родов. Народные способы удаления растяжек на ногах. Что делать чтобы пропали растяжки;как избавиться от растяжек на ногах в домашних условиях;
Как избавиться от  тошноты;Советы по избавлению от тошноты;Что делать, чтобы перестало тошнить. Как поступить чтобы избавиться от тошноты после кальяна, во время беременности, после еды. Что делать если тошнит;ка избавиться от тошноты во время беременности;
Как избавиться от  перегара;Методы устранения перегара;Как устранить перегар быстро. Что делать чтобы пропал перегар. Как устранить перегар в домашних условиях;как избавиться от  перегара в домашних условиях;
Как избавиться от  второго подбородка;Методы устранения второго подбородка в домашних условиях;Как убрать второй подбородок. Что делать, чтобы не было второго подбородка видео;как избавиться от  второго подбородка видео;
Как избавиться от  запаха в холодильнике;Способы устранения неприятного запаха в холодильнике;Как устранить неприятный запах в холодильнике быстро. Как удалить запах мяса в холодильнике;как избавиться от  запаха в холодильнике быстро;
Как избавиться от  веснушек;Способы устранения веснушек;Как вывести веснушки на лице, на спине и руках. Что делать. Чтобы пропали веснушки;как избавиться от  веснушек проверенными методами;
Как избавиться от  запаха изо рта;Советы по устранению неприятного запаха изо рта;Как устранить неприятный запах изо рта. Как освежить дыхание. Как избавиться от неприятного запаха у собаки, кошки. Как избавиться от неприятного запаха после гастрита;как избавиться от  запаха изо рта;
Как избавиться от  запора;Советы по устранению запора;Как избавиться от запора после операции, беременной. Как устранить запор беременной;как избавиться от запора быстро;
Как избавиться от  натоптышей;Методы устранения натоптышей на ногах;Как устранить натоптыши на ногах, на пальцах. Что делать, чтобы избавиться от натоптышей в домашних условиях;как избавиться от  натоптышей в домашних условиях;
Как избавиться от  пигментных пятен;Советы по устранению пигментных пятен ;Как избавиться от пигментных пятен после родов. Что делать чтобы прошли пигментные пятна на теле;как избавиться от  пигментных пятен в домашних условиях;
Как избавиться от  лени;Методы избавления от лени;Как поступить, чтобы избавиться от лени навсегда. Что делать, чтобы пропала лень;как избавиться от  лени;
Как избавиться от  страха ;Советы по избавлению от страха ;Как перестать бояться. Что делать. Чтобы избавиться от страха смерти, высоты, неуверенности, вождения;Как избавиться от  страха ;
Как избавиться от  герпеса;Методы избавления от герпеса;Как избавиться от герпеса на губах, на попе, на носу. Как устранить герпес дома. Что делать, чтобы убрать герпес;как избавиться от  герпеса дома;
Как избавиться от  жировиков;Советы по устранению жировиков ;Как избавиться от жировиков на лице. Что делать, чтобы вывести жировики в домашних условиях;как избавиться от  жировиков;
Как избавиться от  поноса;Способы избавления от поноса;Как избавиться от поноса во время беременности. Как избавиться о  поноса за час. Что делать чтобы перестал понос ;как избавиться от  поноса быстро;
Как избавиться от  простуды;Способы устранения простуды;Как избавиться от простуды на губе в домашних условиях. Что делать чтобы прошла простуда за один день;как избавиться от  простуды быстро;
Как избавиться от  волос на лице;Советы по избавлению от волос на лице самостоятельно;Как вывести волосы, которые растут на лице дома. Что делать, чтобы волосы не росли на лице;как избавиться от  волос на лице дома;
Как избавиться от  шрама;Методы устранения шрама ;Как избавиться от шрама после герпеса, после ожога. Что делать, чтобы убрать шрам - разные способы;как избавиться от  шрама в домашних условиях;
Как избавиться от  навязчивых мыслей;Методы устранения навязчивых мыслей о ком-то или о чём-то;Как убрать навязчивые мысли самостоятельно. Как избавиться от навязчивых мыслей о мужчине. ;как избавиться от  навязчивых мыслей самостоятельно;
Как избавиться от  кругов под глазами;Способы устранения кругов под глазами;Как убрать синие круги под глазами. Что делать, если появились круги под глазами. Как избавиться от синяков под глазами;как избавиться от  кругов под глазами;
Как избавиться от  аллергии;Советы по устранению аллергии;Как убрать аллергию на котов, на гель лак, на нарощенные ресницы, на солнце. Что делать, чтобы прошла аллергия;как избавиться от  аллергии;
Как побороть лень;Методы борьбы с ленью;Как побороть лень и начать действовать. Что сделать, чтобы избавиться от лени;как побороть лень;
Как побороть страх;Способы борьбы со страхом;Как бороться со страхом самостоятельно? Какие есть способы борьбы со страхом? Что делать, если боишься;как  перебороть страх самостоятельно;
Как побороть ревность;Секреты - как перестать ревновать;Как избавиться от ревности? Что делать если ревнуешь? Что делать чтобы не ревновать? Что делать если человек очень ревнивый;как перебороть ревность самостоятельно;
Как побороть стеснительность;Советы по избавлению от стеснительности;Как перестать стесняться? Что делать, если очень стесняешься? Какие есть методы избавления от стеснительности. Что делать стеснительным людям, чтобы перестать стесняться?;как преодолеть стеснительность;
Как побороть сонливость;Методы избавления от сонливости;Как избавиться от сонливости? Что делать если очень хочется спать. Что делать, чтобы побороть сонливость? Какие есть методы, чтобы взбодриться;как избавиться от сонливости;
Как побороть бессонницу;Советы по преодолению бессонницы;Как избавиться от бессонницы? Что делать, чтобы быстро заснуть? Какие существуют методы избавления от бессонницы;как избавиться от бессонницы;
Как побороть неуверенность  в себе;Секреты избавления от неуверенности в себе;Как избавиться от неуверенности в себе? Что делать, чтобы стать уверенным в себе. Как поднять самооценку. Какие есть методы по избавлению от неуверенности в себе;как победить неуверенность в себе;
Как побороть застенчивость;Методы избавления от застенчивости;Как избавиться от застенчивости. Что делать, чтобы перестать быть застенчивым. Как справиться с застенчивостью. Простые методы избавления от застенчивости;как победить застенчивость;
Как варить рис;Секреты правильной варки риса;Как варить рис правильно. Как правильно готовить рис на суши, басмати, с молоком, жасмин. Что делать, чтобы правильно сварить рис;как варить рис правильно;
Как варить гречку;Секреты приготовления гречки;Как правильно варить гречку с молоком видео. Как приготовить вкусную гречку;как варить гречку вкусно;
Как правильно целоваться;Секреты правильного поцелуя;Как целоваться правильно. Секреты поцелуев. Как правильно целоваться взасос, с языком без языка видео;как правильно целоваться;
Как сделать скриншот;Советы для тем кто делает скриншот;Ка правильно сделать скриншот на Самсунг, на ноуте, на компе;как сделать скриншот;
Как переводить деньги;Способы перевода денег;Как перевести деньги - разные способы. Как правильно перевести деньги на МТС, из России в Украину, на киевстар, вконтакте;как переводить деньги;
