Поисковый запрос;Название элемента;Заголовок (title)
Как выбрать арбуз;Как выбрать арбуз;Как купить арбуз
Яблочный уксус;Как приготовить яблочный уксус;Какой рецепт яблочного уксуса
Когда убирать зимний чеснок;Когда убирать зимний чеснок;Когда собрать урожай зимнего чеснока
Как убрать мешки под глазами;Как убрать мешки под глазами;Как избавиься от мешков под глазами
Панариций лечение;Что помогает при лечении панариция;Как лечить панариций
Баланс мегафон;Как узнать баланс на мегафон;Как проверить свой баланс мегафон
Как избавиться от растяжек;Как избавиться от растяжек;Как убрать растяжки
Изжога что делать;Что делать при изжоге;Как справиться с изжогой
Вк полная версия;Как войти на сайт вк полная версия;Как зарегистрироваться вк полная версия
Лечение геморроя;Что помогает при лечении геморроя;Как лечить геморрой
Как убрать осиное гнездо;Как убрать осиное гнездо;Как снять осиное гнездо
Вишневое варенье пятиминутка;Как приготовить вишневое варенье пятиминутка;Как варить вишневое варенье пятиминутка
Грибок ногтей;Что такое грибок ногтей;Как лечить грибок ногтей
Одноклассники скачать;Как скачать одноклассники;Как скачать одноклассники на телефон
Морковь по корейски;Как приготовить морковь по корейски;Как сделать морковь по корейски
Что делать при укусе пчелы;Что делать при укусе пчелы;Что делать при пчелином укусе
Ok ru;Как пользоваться сайтом ok ru;Как зарегистрироваться на сайте ok ru
Как вывести тараканов;Как вывести тараканов;Как уничтожить тараканов
Чесотка;Что такое чесотка;Как лечить чесотку
Что делать если болит горло;Что делать если болит горло;Что делать с больным горлом
Что такое скриншот;Что такое скриншот;Как сделать скриншот
Изжога;Что такое изжога;Как бороться с изжогой
Как сажать клубнику;Как сажать клубнику;Как посадить клубнику
Вк компьютерная версия;Как скачать вк компьютерная версия;Как установить вк компьютерная версия
Чем вывести вшей;Чем вывести вшей;Что помогает при вшах
Болит горло;Почему болит горло;Что делать если болит горло
Фаршированный перец;Как приготовить фаршированный перец;Как сделать фаршированный перец
Народные средства от поноса;Какие народные средства от поноса;Что помогает от поноса народные средства
Как избавиться от глистов;Как избавиться от глистов;Как справиться с глистами
Похмелье;Как убрать похмелье;Что делать чтобы снять похмелье
Как вывести блох у собаки;Как вывести блох у собаки;Как избавиться от блох у собаки
Когда убирать лук;Когда убирать лук;Когда собирать лук
Как варить гречку;Как варить гречку;Как приготовить вкусно гречку
Как удалить одноклассники;Как удалить одноклассники;Как удалить свою страницу в одноклассники
Как выйти из запоя;Как выйти из запоя;Что делать чтобы выйти из запоя
Ребенка укусила оса;Что делать если ребенка укусила оса;Первая помощь ребёнку при укусе осы
Как убрать пигментные пятна на лице;Как убрать пигментные пятна на лице;Что поможет от пигментных пятен на лице
Как быстро избавиться от синяка;Как быстро избавиться от синяка;Как убрать синяк быстро
Как ухаживать за кактусом;Как ухаживать за кактусом;Как выращивать кактус
Как избавится от мух;Как избавится от мух;Как справиться с мухами
Вздутие кишечника;Почему происходит вздутие кишечника;Как побороть вздутие кишечника
Аритмия;Что такое аритмия;Как лечить аритмию
Седалищный нерв;Как лечить седалищный нерв;Какие есть упражнения для седалищного нерва
Как избавиться от дрозофил;Как избавиться от дрозофил;Как уничтожить дрозофил
Как вылечить насморк;Как вылечить насморк;Как бороться с насморком
Как вывести вшей в домашних условиях;Как вывести вшей в домашних условиях;Как уничтожить вшей дома
Слизни на капусте;Почему есть слизни на капусте;Что делать если появились слизни на капусте
Как вывести блох в доме;Как вывести блох в доме;Как избавиться от блох в доме
Как отпугнуть ос;Как отпугнуть ос;Что отпугивает ос
Хеликобактер пилори;Что такое хеликобактер пилори;Как избавиться от бактерии хеликобактер пилори
Атеросклероз;Что такое атеросклероз;Как лечить атеросклероз
Ячмень как лечить;Как лечить ячмень;Чем вылечить ячмень
Перец фаршированный;Как приготовить перец фаршированный;Какой рецепт фаршированного перца
Facebook inc;Кто основатели facebook inc;Как зарегистрироваться в facebook inc
Как быстро протрезветь;Как быстро протрезветь;Что делать чтобы протрезветь
Как варить перловку;Как варить перловку;Как приготовить перловку
Что помогает от изжоги;Что помогает от изжоги;Скорая помощ при изжоге
Как избавиться от запаха в холодильнике;Как избавиться от запаха в холодильнике;Как убрать запах в холодильнике
Вк скачать;Как скачать вк;Как установить вк полную версию
Зайти вк;Как зайти вк;Как войти вк на мою страницу