Заголовок;Title; Description;
Что можно садить на огороде в июле;Посадка овощей и зелени в июле - сбор второго урожая;Какие культуры можно садить и сеять в середине лета, чтобы они поспели к осени. Как собрать два урожая за год без особых усилий. Как максимально полезно распределить землю;чем засадить огород в июле
Как обрезать плодовые деревья;Правильная обрезка плодовых деревьев;Когда и как необходимо обрезать плодовые деревья, что бы они максимально плодоносили, и при этом не навредить самому дереву;как правильно обрезать плодовые деревья
Как вырастить базилик на огороде;Секреты выращивания базилика на даче;Что необходимо знать, для того чтобы выращивать базилик на своём огороде без особых усилий.;как вырастить базилик на своем огороде
Как вырастить салат на грядке;Выращивание салата на огороде - советы по уходу;Как самостоятельно вырастить салат на даче и получить большой урожай - рекомендации по уходу, поливу, высадке и сбору урожая.;как правильно выращивать салат
Как вырастить зелень на подоконнике или балконе;Можно ли вырастить зелень на балконе и собрать хороший урожай;Советы по выращиванию зелени на балконе, как ухаживать за зеленью, чтобы получить хороший урожай;как выращивать разную зелень на балконе дома
Как вырастить лук-севок самостоятельно;Как можно самостоятельно вырастить лук-севок;Советы по выращиванию лука-севка в домашних условиях, как ухаживать, полевать ,собирать и хранить лук-севок.;как выращивать лук-севок
Как собрать два урожая картофеля;Когда можно садить картофель второй раз;Когда можно садить картофель второй раз, чтобы собрать второй урожай за год - советы по высадке и уходу за картофелем;как за год с одного участка собрать два урожая картофеля
Какие есть способы посадки картофеля;Как правильно садить картофель - разные способы посадки;Какие есть способы посадки картофеля. Как выбрать наиболее удобный способ посадки картофеля для своего огорода, что нужно учесть при высадке картофеля на огороде.;какие есть способы посадки картошки
Как вырастить огурцы мелотрия на садовом участке;Выращивание огурцов мелотрия - на даче ;Советы по высадке и уходу за огурцами сорта Мелотрия на огороде, когда и как садить, поливать, ухаживать;как вырастить большой урожай огурцов сорта Мелотрия
Как  вырастить лук на открытом грунте;Выращивание лука на открытом грунте;Что необходимо знать, чтобы вырастить большой урожай лука на огороде - советы по уходу за луком и сбору урожая;как выращивать лук на огороде
Как вырастить сладкий перец на своём участке;Выращивание болгарского перца на открытом грунте;Какие особенности по выращиванию сладкого болгарского перца на открытом грунте;как выращивать перец на даче
Как вырастить кабачок на своём участке;Особенности ухода и полива за кабачком на открытом грунте;Как правильно ухаживать за кабачком, чтобы получить большой и вкусный урожай ;как выращивать кабачок на открытом грунте
Как вырастить капусту на открытом грунте;Выращивание капусты на огороде - особенности культуры;Как правильно ухаживать за капустой, чтобы получить высокий урожай;как  вырастить капусту на садовом участке
Как поливать морковь;Полив моркови на огороде;Рекомендации о способе и частотности полива моркови. Как правильно поливать морковь, чтобы получить вкусный и большой урожай;как правильно поливать морковь
Как вырастить пекинскую капусту ;Как выращивать пекинскую капусту в открытом грунте;Как правильно ухаживать за пекинской капустой на своём огороде, чтобы получить большой урожай.;как выращивать пекинскую капусту самостоятельно
Как вырастить горох на даче;Как вырастить горох на открытом грунте;Советы по выращиванию и уходу за горохом на открытом грунте. ;как выращивать горох на садовом участке
Как вырастить горох в домашних условиях;Как вырастить горох на подоконнике;Советы по выращиванию и уходу за горохом в домашних условиях;выращивание гороха в домашних условиях
Как вырастить баклажаны на грядке;Уход и выращивание баклажан на даче;Как правильно ухаживать за баклажанами, чтобы получить красивый и вкусный урожай. Как поливать, подкармливать, лечить от болезней и вредителей баклажаны на огороде.;выращивание баклажанов на даче
Как бороться с тлёй на смородине;Что делать, если на смородине завелась тля - методы борьбы;Как избавиться от тли на смородине - разные проверенные методы борьбы. Профилактические работы от тли на смородине.;как можно бороться с тлёй на смородине
Как правильно ухаживать за фасолью на грядке;Как вырастить фасоль на даче;Как ухаживать за фасолью, чтобы собрать высокий урожай;как ухаживать за фасолью на грядке
Как вырастить спаржу - стручковую фасоль;Как правильно выращивать стручковую фасоль на огороде;Советы по уходу и выращиванию спаржи - стручковой фасоли на даче;как можно вырастить спаржу - стручковую фасоль самостоятельно
Какие культуры можно садить в одной теплице;Какие культуры будут расти в одной теплице;Что можно высаживать в одной теплице. Какие культуры будут хорошо расти в теплице и не мешать друг другу - на заметку огородникам.;что можно садить в одной теплице
Как повысить урожайность участка;Увеличение урожайности садового участка;Какие меры предпринять, чтобы увеличить урожайность садового участка.;какие способы увеличения урожайности огорода существуют
Как вырастить виноград из черенка;Способы выращивания винограда из черенка;Какой необходим уход, чтобы вырастить виноград из черенка. Возможно ли вырастить виноград из черенка, чтобы он отлично плодоносил.;как правильно вырастить виноград из черенка
Как посадить морковь под зиму на даче;Посадка моркови на зиму на огороде;Когда и как правильно садить моркови под зиму, чтобы семена принялись и дали большой урожай.;когда можно садить морковь под зиму
Что делать, если чеснок взошёл осенью;Как быть с чесноком, который взошёл осенью.;Что необходимо сделать, если чеснок взошёл осенью. Что сделать, чтобы не погубить урожай.;как быть если чеснок взошёл осенью
Как выращивать арбузы;Особенности выращивания и ухода за арбузами;Как вырастить большой и вкусный урожай арбузов. В чём особенность ухода за арбузами;как можно выращивать арбузы
Как вырастить фасоль сортов Блюхильда и Пурпурный король;В чём особенность ухода за сортами фасоли Блюхильда и Пурпурный король;Что необходимо знать для выращивания фасоли Блюхильда и Пурпурный король.;Как выращивать фасоль Блюхильда и Пурпурный король
Когда и как собирать и хранить лук;Как собрать лук, чтобы достоял до весны;Как правильно собрать урожай лука. Когда необходимо собирать лук, чтобы он хорошо стоял. Как правильно подготовить лук на зимовку, чтобы он достоял до весны. ;как собрать лук, чтобы он долго стоял
Когда и как собирать чеснок, чтобы он хорошо сохранился;Как сохранить чеснок до весны в домашних условиях;Когда необходимо собирать чеснок, чтобы он хранился до весны в домашних условиях;когда собирать чеснок, чтобы он долго стоял
Как выбрать сорт томатов для своей грядки;Самые урожайные сорта томатов для огорода;Как правильно выбирать сорт помидор для открытого грунта, чтобы он хорошо плодоносил. Самые урожайные сорта помидор для дачи.;как правильно выбрать подходящий сорт помидор для огорода
Какой сорт салата не горчит;Какие сорта салатов не горчат;Как выбрать сорт салата, чтобы он не горчил;какой сорт салата без горечи
Что делать, если салат стрелкуется;В чём причина стрелкования салата;Какие особенности ухода за салатом, чтобы он не выпускал стрелки. Как ухаживать за салатом, чтобы он не стрелковался;как избежать стрелкования салата
Как вырастить чеснок рокамболь;Особенности выращивания и ухода за чесноком Рокамболь;Как правильно ухаживать за чесноком Рокомболь, чтобы собрать высокий урожай луко-чеснока;как правильно выращивать чеснок рокамболь
Как вырастить круглый баклажан Гелиос;Особенности выращивания и ухода за баклажаном Гелиос;Как правильно выращивать круглый баклажан Гелиос. Уход, полив, температура, вредители, болезни, сбор урожая - всё что необходимо знать для выращивания баклажана Гелиос.;как самостоятельно вырастить круглый баклажан Гелиос
Как вырастить лук за короткий срок;Можно ли вырастить лук за короткий срок;Как ухаживать за луком, чтобы получить урожай за короткий срок;как вырастить лук за короткий промежуток времени на своём участке
Как вырастить кукурузу на огороде;Особенности ухода за кукурузой на даче;Как ухаживать за кукурузой, чтобы получить большой и сладкий урожай кукурузы на огороде;как правильно выращивать кукурузу, чтобы была сладкой
Как вырастить сельдерей корневой на открытом грунте;Особенности выращивания корня сельдерея;Как правильно выращивать сельдерей корневой на огороде;как выращивать корень сельдерея на даче
Как вырастить топинамбур на даче;Особенности выращивания топинамбура на огороде;Как вырастить топинамбур на даче. Как ухаживать за топинамбуром, чтобы собрать большой урожай.;как правильно вырастить топинамбур на садовом участке
Как вырастить помидоры черри дома;Выращивание помидор черри в домашних условиях. Уход за помидорами черри ;Как вырастить помидоры черри на огороде;как самостоятельно вырастить томаты черри на огороде
Как вырастить цветную капусту на огороде;Выращивание и уход за цветной капустой на садовом участке;Как правильно выращивать цветную капусту на даче. Уход за цветной капустой: полив, подкормка, вредители, болезни;как самостоятельно вырастить цветную капусту на даче
Как правильно ухаживать за тыквой;Уход за тыквой на даче;Как ухаживать за тыквой, чтобы получить красивый и большой урожай;как правильно ухаживать за тыквой
Как ухаживать за белокочанной капустой;Уход за белокочанной капустой на даче;Как правильно ухаживать за белокочанной капустой. Полив, подкормка, сбор урожая - всё что необходимо знать о выращивании капусты на садовом участке.;как правильно ухаживать за белокочанной капустой
Как удобрить земельный участок перегноем;Как правильно подготовить перегной для удобрения участка;Как готовится перегной для удобрения участка. Что важно знать при удобрении участка перегноем.;как удобрить садовый участок перегноем
Как сделать универсальное натуральное удобрение ;Как готовится натуральное удобрение для всех растений;Как приготовить универсальное натуральное удобрение, которое подойдёт всем растениям на огороде. Что важно знать при подкормке;как правильно сделать универсальное удобрение для всех растений
Как самому приготовить гумус;Изготовление гумуса собственными силами;Как самостоятельно приготовить гумус - советы из практики;как самостоятельно приготовить гумус
Как приготовить биоудрбрения для дачи;Подготовка биоудобрений для огорода;Как самостоятельно приготовить биоудобрения. Что важно знать при подкормке растений биоудобрениями;как самому приготовить биоудобрения для дачи
Как подготовить компостную яму на даче;Компостная яма на даче - особенности подготовки;Как правильно подготовить компостную яму на садовом участке - важные нюансы;как создать компостную яму на даче
Что необходимо сделать на даче в июле;Обязательные работы на огороде в июле;Что обязательно нужно сделать в июле на садовом участке, чтобы всё успеть. Как правильно распределить время в июле для работы на огороде. ;что нужно сделать в огороде в июле
Как вырастить арахис самостоятельно;Выращивание арахиса на даче;Особенности выращивания и ухода за арахисом на дачном участке;как самому вырастить арахис
Как бороться с болезнями и вредителями баклажанов;Что делать, если завелись вредители или болезни на баклажанах;Как защитить баклажаны от болезней и вредителей. Профилактика болезней баклажанов. Как избавиться от вредителей баклажанов.;ка избавиться от болезней баклажанов
Как избавиться от болезней плодовых деревьев;Методы борьбы с болезнями плодовых деревьев;Что важно знать о болезнях плодовых деревьев. Как бороться с болезнями плодовых деревьев.;как бороться с болезнями плодовых деревьев
Как избавиться от болезней смородины;Методы борьбы с болезнями смородины;Какие есть болезни смородины, и как с ними бороться.;как бороться с болезнями смородины
Как бороться с вредителями винограда;Как побороть вредителей винограда;Что делать, если завелись вредители на винограде.;как побороть вредителей винограда
Как бороться с морковной мухой;Способы борьбы с морковной мухой;Как избавиться от морковной мухи - проверенные способы.;как вывести морковную муху самостоятельно
Как избавиться от проволочника на даче;Способы борьбы с проволочником;Как вывести проволочника из огорода - профилактика и методы борьбы;как вывести проволочника с города
Как избавиться от вредителей бобовых на садовом участке;Способы избавления от вредителей бобовых культур ;Как вывести вредителей бобовых с дачи;как бороться с вредителями бобовых на даче
Как правильно обрывать стрелки у чеснока;Советы как правильно обрывать стрелки у чеснока ;Как правильно обрывать стрелки у чеснока, чтобы не навредить. ;как обрывать стрелки у чеснока правильно
Как вывести луковую муху;Способы избавления от луковой мухи;Как вывести луковую муху с грядки - проверенные способы решения проблемы;ка избавиться от луковой мухи
Как бороться с вредителями вишни;Совет - как избавиться от вредителей вишни;Как вывести вредителей вишни из сада;как побороть вредителей вишни
Как избавиться от корнееда свёклы;Способы избавления от корнееда свёклы;Как вывести корнееда свёклы из огорода - действенные способы борьбы и профилактики.;как вывести корнееда свёклы
Как избавиться от мучнистой росы на крыжовнике;Способы избавления от мучнистой росы на крыжовнике;Как вылечить мучнистую росу на крыжовнике. Профилактика и лечение мучнистой росы на крыжовнике.;как побороть мучнистую росу на крыжовнике
Как избавиться от мучнистой росы на растениях;Секреты избавления от мучнистой росы на даче;Как вывести мучнистую росу на растения. Методы борьбы и профилактические меры от мучнистой росы;как побороть мучнистую росу на огороде
Как вывести паутинный клещ с огурцов;Способ избавления от паутинного клеща с огуречной грядки;Как избавиться от паутинного клеща на грядке с огурцами;как избавиться от паутинного клеща на огурцах
Как быть если желтеют листья винограда;Совет - что делать, если у винограда желтеют листья;Как понять почему у винограда желтеют листья. Что делать, если у винограда начали желтеть листья;что делать если листья винограда желтеют
Как пересадить виноград;Совет - как пересаживать виноград;Как определить, что нужна пересадка винограда. Когда лучше пересаживать виноград.;как правильно пересаживать виноград
Как ухаживать за молодым виноградом на садовом участке;Совет - как ухаживать за молодым виноградом на даче;Какой нужен уход молодому винограду. ;как правильно ухаживать за молодым виноградом 
Как выращивать артишок на даче;Советы по уходу и выращиванию артишока на огороде;Как вырастить артишок на садовом участке. Особенности ухода за артишоком в наших условиях;как самостоятельно вырастить артишок
Когда сеять морковь под зиму;Секрет высадки моркови под зиму;Когда сеять морковь под зиму. Особенности высадки, на что обратить внимание при посеве морковки осенью;когда сеять морковь под зиму
Как вырастить брюкву на даче;Совет - как просто вырастить брюкву на  дачном участке;Как выращивать брюкву на огороде;как выращивать брюкву на своём огороде
Как вырастить хороший урожай брюссельской капусты;Секреты по уходу за брюссельской капустой;Как вырастить брюссельскую капусту на своём участке;как вырастить брюссельскую капусту
Как вырастить дайкон - японскую редьку на даче;Секреты по уходу за дайконом - японской редькой на садовом участке;Как ухаживать за дайконом - японской редькой. Как вырастить японскую редьку на своём огороде.;как самостоятельно выращивать дайкон - японскую редьку на огороде
Как вырастить сладкую дыню на даче: уход и сбор урожая;Советы по выращиванию дыни на участке.;Как вырастить сладкую дыню на огороде.  Какой уход требуется дыни, чтобы выросла сладкой и сочной на участке. Как определить спелость дыни;как самому вырастить дыню на огороде
Как вырастить капусту кольраби на садовом участке;Советы по выращиванию капусты кольраби на даче;Как вырастить капусту кольраби на огороде. Советы по уходу за капустой кольраби;как самостоятельно выращивать капусту кольраби
Как вырастить шнитт-лук (лук скороду) из семян самостоятельно;Секреты выращивания шнитт-лука - лука скороды на даче из семян;Как просто вырастить шнитт-лук на садовом участке. Как ухаживать за шнитт-луком в садовом участке;Как выращивать шнитт-лук (лук скороду) из семян  на огороде
Как вырастить листовую свёклу - мангольд на огороде из семян - посадка, размножение и уход;Советы по выращиванию листовой свёклы на огороде;Как вырастить листовую свёклу на огороде из семян. Как посадит листовую свёклу, какой требуется уход. Как собирать семена для размножения на садовом участке.;как вырастить листовую свёклу - мангольд из семян на даче
Как вырастить листовую свёклу - мангольд на подоконнике;Советы по выращиванию листовой свёклы на подоконнике;Как вырастить листовую свёклу из семян на подоконнике. ;как вырастить листовую свёклу - мангольд из семян на подоконнике
Как вырастить пастернак посевной на садовом участке;Секреты по выращиванию посевного пастернака на огороде ;Как вырастить посевной пастернак на даче;как вырастить посевной пастернак на садовом участке
Как вырастить патиссоны на грядке;Советы по уходу за патиссонами на огороде;Как правильно ухаживать за патиссонами на даче, чтобы собрать большой и красивый урожай;Как выращивать патиссоны на своей даче
Как выращивать ревень на даче - уход, размножение, посадка;Советы огородникам по выращиванию ревеня;Как вырастить ревень на даче. Что необходимо знать, чтобы вырастить ревень на даче.;как сажать, ухаживать и размножать ревень на своём огороде
Когда сеять второй раз редис на огороде - скороспелые сорта редиса для второго посева;Секреты по выращиванию второго урожая редиса;Как собрать два урожая редиса. Когда сеять редис второй раз летом. Как вырастить два урожая редиса;когда можно сеять второй раз редис на даче
Когда сажать второй раз картофель - особенности посадки и сорта картофеля;Секреты по выращиванию картофеля два раза за сезон;Когда сажать второй раз картофель, чтобы собрать два урожая за год. Как собрать два урожая картофеля за сезон. Особенности посадки и выращивания второго урожая картофеля;когда можно сажать второй раз картофель на своём огороде
Когда сажать огурцы второй раз ;Советы по выращиванию второго урожая огурцов;Как вырастить два урожая огурцов. Когда сеять огурцы второй раз на даче;когда можно сажать второй раз огурцы
Как вырастить щавель на даче;Секреты выращивания щавеля на открытом грунте;Как вырастить щавель на огороде. Что нужно знать, чтобы вырастить щавель на садовом участке;как выращивать щавель на своём садовом участке
Как вырастить щавель в теплице;Секреты выращивания щавеля в теплице;Как собрать большой урожай щавеля в теплице - выращивание и уход за зеленью.;как выращивать щавель в теплице самому
Когда сажать яровой чеснок - время посадки и уход;Совет по посадке и выращиванию ярового чеснока;Как выбрать время для посадки ярового чеснока. Как ухаживать за яровым чесноком, чтобы собрать большой урожай;когда можно сажать яровой чеснок на огороде
Как выращивать капусту брокколи в огороде;Секреты выращивания капусты брокколи на садовом участке;Как вырастить капусту брокколи на даче;как вырастить самому капусту брокколи
Как выращивать дома грибы;Советы по выращиванию грибов дома;Как вырастить грибы дома без особых усилий. Посадка и уход за грибами в домашних условиях.;как выращивать самому грибы
Как вырастить грибы шампиньоны;Советы по выращиванию грибов шампиньонов в домашних условиях;Ка правильно выращивать грибы шампиньоны дома. Какой требуется уход для шампиньонов в домашних условиях. Уход и размножение шампиньонов дома.;ка разводить и выращивать грибы шампиньоны
Как выращивать грибы вешенки дома;Советы по выращиванию грибов вешенок в домашних условиях;Ка правильно выращивать грибы вешенки дома. Какой требуется уход для вешенок в домашних условиях. Уход и размножение вешенок дома.;ка разводить и выращивать грибы вешенки
Как вырастить лук-порей на даче;Секреты выращивания лука-порея на садовом участке;Как вырастить лук-порей на огороде. Когда садить, как ухаживать и когда собирать урожай лука-порея.;как выращивать лук-порей на грядке
Как вырастить редьку на городе;Советы по выращиванию редьки на садовом участке;Как вырастить редьку на даче, чтоб собрать большой урожай. Советы по уходу и размножению.;как правильно выращивать редьку на участке
Как сохранить баклажаны после уборки урожая;Секреты хранения баклажанов в домашних условиях;Как сохранить баклажаны, чтобы они были свежими долго;как надолго сохранить урожай баклажанов
Как хранить дайкон в домашних условиях;Секреты хранения дайкона в домашних условиях;Как сохранить дайкон дома длительно;как сохранить дайкон дома
Где и как правильно хранить свёклу ;Способы хранения свёклы а домашних условиях.;Как сохранить урожай свёклы до весны;как правильно сохранять свёклу
Когда и как собирать урожай чеснока ;Советы по сбору урожая чеснока - время уборки и способы выкапывания;Когда выкапывать чеснок. Как собирать чеснок на огороде.;как и когда собирать чеснок
Как собирать урожай моркови;Советы по уборке урожая моркови;Как выкапывать морковь.  Сбор урожая моркови - всё, что необходимо знать.;как собрать морковь
Когда собирать лук-порей;Советы по уборке урожая лука-порей - когда и как;Как собирать урожай лука-порея.;когда можно собирать урожай лука-порея
Когда собирать урожай капусты с огорода;Советы по сбору урожая капусты на дачном участке.;Как и когда собирать капусту с огорода.;когда собирать капусту с грядки 
Когда собирать урожай летнего чеснока ;Советы по уборке урожая летнего чеснока;Когда собирать урожай летнего чеснока с огорода;когда собирать летний чеснок
Когда убирать урожай тыквы с грядки;Секреты сбора урожая тыквы с дачного участка;Когда собирать урожай тыквы с огорода, чтобы долго хранилась;когда правильно собирать тыкву с огорода
Когда собирать урожай сельдерея и как его хранить;Секреты сбора урожая сельдерея и способы длительного хранения;Когда и как собирать урожай сельдерея. Как хранить сельдерей в домашних условиях.;когда собирать сельдерей и как его хранить правильно
Как вырастить бутылочную тыкву - лагенарию: высадка, уход, сбор урожая;Секреты выращивания бутылочной тыквы - лагенарии;Как вырастить бутылочную тыкву - лагенарию. Посадка, уход, сбор урожая бутылочной тыквы - лагинарии;как правильно выращивать бутылочную тыкву - лагенарию
Как вырастить момордику - индийский огурец в саду - посадка, уход, хранение, размножение;Секреты выращивания индийского огурца -момордики на садовом участке;Как вырастить момордику - индийский огурец дома. Способы выращивания, размножения, советы по уходу и сбору урожая;как вырастить момордику - индийский огурец на огороде
Почему не краснеют помидоры - что делать;Советы - что делать, если не краснеют помидоры.;Что делать, если помидоры не краснеют. Советы и рекомендации для огородников ка устранить причины, из-за которых помидоры не краснеют.;что делать если не краснеют помидоры
Как поливать свёклу;Советы по поливу свёклы ;Как поливать свёклу. Что важно учесть при поливе свёклы. Какой способ полива  для свёклы подходит.;как правильно поливать свёклу
Как поливать скороспелый редис;Советы по поливу скороспелого редиса;Как нужно поливать скороспелый редис. Что важно знать при выборе способа полива для скороспелого редиса.;как правильно поливать скороспелый редис
Почему кабачки горчат;Советы огородникам, если кабачки горькие;Что делать, если кабачки горькие. В чём причина горьких кабачков.;почему горчат кабачки
Почему огурцы горькие ;Секреты выращивания огурцов без горького вкуса;Что делать, чтобы огурцы не были горькими. В чём причина горьких огурцов;почему огурцы горькие
Почему огурцы горькие в теплице;Совет как избавиться от горечи в огурцах в теплице;Что делать, чтобы огурцы не были горькими в теплице. В чём причина горьких огурцов в теплице;почему огурцы горькие в теплице
Почему огурцы скручиваются;Совет - как избежать скручивания огурцов;В чём причина скручивания огурцов. Что делать, если огурцы скручиваются;в чём причина скручивания огурцов
Почему плоды огурцов светло-зелёные;Совет - что делать, если огурцы становятся светло-зелёными;В чём причина побледнения плода огурцов. Что делать, если огурцы стали светло-зелёными.;почему плоды огурцов светло-зелёные
Почему желтеют плоды огурцов ;Совет -как избежать пожелтения плодов огурцов;Что делать, чтобы плоды огурцов не желтели. В чём причина пожелтения плодов огурцов;почему плоды огурцов желтеют
Как вырастить шпинат на открытом грунте;Секреты выращивания шпината на огороде;Как вырастить шпинат на даче самостоятельно. Что необходимо знать для того чтобы вырастить шпинат на садовом участке;как правильно выращивать шпинат
Как вырастить шпинат на подоконнике;Секреты выращивания шпината на подоконнике;Как вырастить шпинат на подоконнике. Что необходимо знать для того, чтобы вырастить шпинат на подоконнике;как можно вырастить шпинат на подоконнике
Как вырастить земляничный шпинат - шпинат-малину;Советы по выращиванию шпината-малины - земляничного шпината;Как самостоятельно вырастить земляничный шпинат - шпинат-малину на садовом участке;как вырастить земляничный шпинат - шпинат-малину на даче
Почему трескаются помидоры;Советы как избежать растрескивания помидор;Что делать, чтобы плоды помидор не трескались. Причины, по которым трескаются помидоры.;в чём причина растрескивания помидор
Как хранить чеснок в домашних условиях;Советы по хранению чеснока дома;Как правильно хранить чеснок в домашних условиях, чтобы долго стоял;как правильно хранить чеснок дома
Как хранить хрен дома ;Способы хранения хрена в домашних условиях;Как сохранить хрен на длительное время;как хранить хрен в домашних условиях
Когда убирать редьку с огорода;Советы по уборке урожая редьки;Когда следует убирать урожай редьки с дачного участка;когда можно убирать урожай редьки с огорода
Как выращивать фенхель - укроп аптечный на огороде;Секреты выращивания фенхеля  - укропа аптечного на даче;Как вырастить фенхель - укроп аптечный на садовом участке. Особенности ухода за фенхелем;как вырастить фенхель - укроп аптечный на своём дачном участке
Как хранить морковь дома;Секреты долгого хранения моркови дома;Как хранить морковь в домашних условиях;как правильно хранить морковь дома
Как хранить лук репчатый дома;Способы хранения лука репчатого в домашних условиях;Как хранить репчатый лук дома. Что необходимо учесть при хранении лука;как правильно сохранять репчатый лук дома
Когда собирать репчатый лук;Совет - когда лучше собирать репчатый лук;Когда можно собирать урожай репчатого лука;когда пора собирать репчатый лук
Как подкармливать свёклу для высокой урожайности;Совет - как удобрать грядку со свёклой для высокого урожая;Чем можно подкармливать свёклу на даче. Какие удобрения подходят для свёклы. Как правильно удобрять огород со свёклой;как подкармливать свёклу
