GUID идентификатор элемента;Название элемента;Адрес (youtube);Заголовок2-1;Ссылка2-1;Описание2-1;Заголовок3-1;Ссылка3-1;Описание3-1;Заголовок4-1;Ссылка4-1;Описание4-1
A19CCF68-01D8-E402-BB01-D06FAB245827;Какой приготовить соус для риса;vWGdxod6rEo;;;;;;;;;
BA18DD30-234C-778D-7DA2-B308A932F332;Как готовить томатный соус и томатную пасту;W5HnEymqcjk;;;;;;;;;
6EC02F26-E086-3DFA-C308-D3206DA3B044;Как приготовить соус песто в домашних условиях;;;;;;;;;;
67F42A8E-1333-8C48-7629-A29A68732589;Как приготовить соус из помидоров;;;;;;;;;;
66CB387B-AE79-DDE9-15C9-3450F7567423;Как приготовить соус ткемали;;;;;;;;;;
17B48AD4-9812-62D4-F449-79BD89E9610E;Как приготовить сырный соус;CU7xB7vActo;;;;;;;;;
5183E976-E0F5-8337-98A3-C12E08F72452;Как приготовить соус для шаурмы;;;;;;;;;;
EDD17DFA-5690-5C49-5946-2807F711D345;Как приготовить сливочный соус к макаронам;7CDJIyGJIu4;;;;;;;;;
B2913A8C-FDEB-0226-6260-69C75F80E252;Как приготовить соус для голубцов;3j5OX4vAj9g;;;;;;;;;
89CACC0B-E308-90EB-4EAE-6BF92BA59F4E;Как приготовить соус брусничный;#NAME?;;;;;;;;;
A08D07CB-BAEE-F9C9-50AF-EE6550443A53;Как сделать соус "Тысяча островов";W2uvL4BIEBU;;;;;;;;;
45AAB93D-C0A3-04FD-ED2B-CC54178935CA;Как приготовить томатный соус для спагетти;HjZ4uPvrb5s;;;;;;;;;
E1C7989A-09A1-79E7-F1F7-1001AFF77F8C;Как приготовить соус из сливок;HPLzUs1T5Ss;;;;;;;;;
AFB7C470-BC51-2609-B3C7-685B26E4E729;Как сделать томатный соус;Pu_lqVXK1MQ;;;;;;;;;
22787EE2-C7F6-714F-2F57-2E449977E806;Как приготовить соус к курице;k0R4DCRkWfA;;;;;;;;;
A39B5E51-1073-3643-8D56-031125EBB0AF;Как приготовить соус для шашлыка;;;;;;;;;;
AC97E803-5654-D544-5CDC-ECE637E61F0C;Как приготовить соус к спагетти;KXhO_3-v6ro;;;;;;;;;
55C5D86A-EEA6-CF49-C087-8F598E1732F1;Как приготовить кисло-сладкий соус;he-mI5LmGNo;;;;;;;;;
F3D299CE-AB28-B97D-060F-E5023F407FF0;Как приготовить карамельный соус;G0HL8LiUFOE;;;;;;;;;
E0DFD753-019E-0A9F-EAF4-4E1F33B676E9;Как приготовить кисло-сладкий соус для мяса;Srk1xxxOrao;;;;;;;;;
9E3DA97B-E9B7-52A6-6352-6EF44B9C4683;Как приготовить соус спайс;;;;;;;;;;
086F5DD6-1CE3-43D7-E2A7-3CCE8375189E;Как приготовить спайси-соус;ftLcl0Y4Xm0;;;;;;;;;
66AC65F2-A1A8-EE5E-E143-FD314A48AC83;Как сделать мексиканский соус "Сальса";;;;;;;;;;
BC49626A-8376-B4B5-02E7-B32FE2331249;"Томатный соус &quot;По-индийски&quot;";;;;;;;;;;
0BC44C73-6F4D-E3E9-608F-BC41F9360F78;Как приготовить соус маринара;;;;;;;;;;
35730817-01CE-8E37-DD66-101ECD3B8E7A;Соус Болоньезе;;;;;;;;;;
C2A783FE-3DEA-FA85-B5B8-6954E9C14EBD;"Соус &quot;Сальса&quot;";;;;;;;;;;
AC07A19B-CEDA-CEAB-16F9-28D835BD7D0A;Как приготовить соус для брокколи;YuK4zFmMaBA;;;;;;;;;
0BED889D-9C85-BC7E-8FA1-25A9DBBE06AE;Как приготовить соус к картофельному пюре;;;;;;;;;;
06A4749E-EF6A-19BF-8C6B-F1CAA384A15A;Как приготовить кефирный соус;QLdpXtmQDZk;;;;;;;;;
E82F523D-9C52-FF2B-AA99-2BE17D37E6DE;Какой соус выбрать к хинкали;;;;;;;;;;
EAA55983-AE9D-FACC-896C-882BCCF47DDB;"Как приготовить на зиму соус &quot;Сацебели&quot;";;;;;;;;;;
289AC041-B0F9-7DD1-E2FA-4AB5B754F864;Как сделать соус для долмы;;;;;;;;;;
0C9EBCE9-B977-EF09-4122-8708305B316B;Как приготовить соус из свинины;;;;;;;;;;
A4EE8619-6E5E-76B3-50D6-4CDA63CF06AF;Какой соус приготовить к жареной рыбе;;;;;;;;;;
1F45685B-9507-19A4-46C8-D0670ACAF328;Чем можно заменить вустерский соус?;Zwlv4lvaZPw;;;;;;;;;
564C97D5-73B6-C702-00A4-12F6F84CE607;Как приготовить простые соусы к пасте;;;;;;;;;;
5FEFF524-5B0A-8A81-A2F3-F7DD93E63F53;Как готовится соус "блю чиз";3cMCpmZEj4E;;;;;;;;;
0964D909-53BC-5171-19C7-6AC9133F6091;Вкусные соусы на основе майонеза: простые рецепты на скорую руку;;;;;;;;;;
384F01CE-41EC-05FF-C17C-C3368BC03B8E;Как приготовить соус для фрикаделек;;;;;;;;;;
0F4DB59C-B44D-C834-C9D7-464F7520050D;Как сделать зеленый соус;;;;;;;;;;
059C0813-B6FF-934E-EFC5-B20B3957EED7;Как приготовить простой соус;PCJA8ZxYE3s;;;;;;;;;
33F01DDD-03C2-5DA1-88E1-3E0423B41868;Как приготовить соус для утки;;;;;;;;;;
D9F7BED4-B0A9-A6D7-6D7B-26A72C0C8EE9;Какой соус приготовить для котлет;;;;;;;;;;
62062A6B-3996-2F27-6B82-33DAF9D628BA;"Как приготовить томатный соус &laquo;Маринара&raquo; в духовке";;;;;;;;;;
A4A3A7DC-725E-1719-B689-59B2B16E265B;Как приготовить майонезный сливочно-чесночный соус;;;;;;;;;;
F261915D-5453-F63C-1AAB-97E635E23A12;Как сделать соус тартар;;;;;;;;;;
B65846DA-4D1A-A445-E50C-B51D582B6339;Как приготовить клюквенно-ананасовый соус к мясу;2LwSCs9X3No;;;;;;;;;
DD045361-BAA7-5DDB-E74A-E9D0A1B7373E;Шоколадный соус для блинов и десертов;;;;;;;;;;
5426638F-D4A2-DD84-754A-6684C34DF963;Как приготовить соус для гриля;;;;;;;;;;
2D26A756-DC8A-5501-6DCE-FBD25F2F7726;Соус из бузины;;;;;;;;;;
34B1207E-AE30-1E9F-69CF-FC6947FC557C;Как приготовить апельсиновый соус к мясу;;;;;;;;;;
5AE7D60C-C2B8-1009-96DB-24347404D390;"Как приготовить соус &quot;Хойсин&quot;";;;;;;;;;;
C4F374F4-9811-7F20-7307-B6F55634E0CE;Как приготовить домашний соус-майонез;;;;;;;;;;
AFF012C4-72A8-36EA-010A-DEEA086DE992;Как приготовить вкусный домашний соус из помидор на зиму;;;;;;;;;;
23A9F414-DEF9-6ED9-541E-9EE9EFEB578C;Как приготовить медово-горчичный соус;;;;;;;;;;
9A2E37D5-8DA8-F505-5FB8-2263492C3987;Как приготовить оригинальный томатный соус;;;;;;;;;;
ECF738AF-F464-6FB6-DDC1-D338339F8E8A;Как приготовить сливочно-горчичный соус;V5_PbWgfJzM;;;;;;;;;
A7C461CF-9291-52A1-57A1-AAEE7E1A366E;"Как приготовить соус &quot;Болоньезе&quot;";;;;;;;;;;
4CD8CBBA-B3E8-8C8F-B9FA-413693F3FBA4;Как приготовить вкусный шоколадный соус для десертов;;;;;;;;;;
1DF7AA28-1987-DDE1-91F7-F7C51871B33E;Сладкий сметанный соус с кусочками фруктов;7qHpzFgpdPQ;;;;;;;;;
153FEE54-8708-DED5-E520-09AE1B795D8F;Какой соус приготовить к карпу;QSBq6JFVw9o;;;;;;;;;
DC39A44F-792C-0B13-D10A-EC649F0FC0E0;Готовим соус карамельный;QUlXLZRpqMQ;;;;;;;;;
1879A3C9-DBAE-B261-82C4-8486B1B9A84A;Соус песто с кедровыми орешками;4Jx3GEpQ5tE;;;;;;;;;
EED18999-4881-E174-AAA6-1CACBA949206;Соус ткемали: рецепт приготовления;;;;;;;;;;
E7B09CFF-A018-ABFB-3426-9D363426A04E;"Домашний соус &quot;Сацебели&quot;";;;;;;;;;;
7E79E039-E032-3D3B-A571-8CC052454121;Настоящий итальянский соус для пиццы;;;;;;;;;;
D8F96525-4914-3CFC-60A9-94E7FF939CEC;Как в домашних условиях приготовить гранатовый соус;E3MJW-RAXdo;;;;;;;;;
C22FE1E1-F060-3DA8-10A7-A63EC8A75569;Как приготовить соус к картофелю;YcSOISUmKNI;;;;;;;;;
8A101481-EF46-29BC-4D9D-D53567CD45EF;Как приготовить домашний соус из слив на зиму;;;;;;;;;;
865539F0-5057-7693-3073-A92C54658AA3;Как приготовить рыбный соус;;;;;;;;;;
D2F361EF-F5D4-B4BA-77B8-370E72AD2C54;Как готовить сметанный соус;;;;;;;;;;
D968C755-7ACC-F1DE-AD71-24A28DE0F4FE;Самый простой соус к спагетти;O8L1fgDlr9g;;;;;;;;;
A517242E-D919-8403-5613-57FCADEE2775;Как приготовить соус сацебели;;;;;;;;;;
844447FD-D4BF-A143-FDA5-30336E02FF93;Оригинальный соус для бургера;;;;;;;;;;
6E48C939-2191-4E27-16AC-2EC39EC58F22;Соус к мясу из черной смородины;;;;;;;;;;
862F67ED-F1E2-6227-941C-AAE6E0243AAB;Абрикосовый соус к мясу и курице;;;;;;;;;;
81E88DD3-911B-C18A-F81B-B09D329604DA;Как приготовить гранатовый соус;Q8nqz6-tHyc;;;;;;;;;
EE83C331-F842-4128-3DF8-27BF6726E13E;Как приготовить вкусные соусы к картофелю;;;;;;;;;;
30321E90-CCF9-F7EC-B522-039AA94EDEA3;Итальянский соус-заправка для салата;_mtRXBuS6AQ;;;;;;;;;
E32764F4-1DF1-4BF0-1DFE-A317770BA15E;Грибной соус к картофелю;Pa7TxW9XHd8;;;;;;;;;
04D04C6B-C6DC-A822-A44F-3CE77FB1B05B;Как приготовить белый соус;;;;;;;;;;
1454D124-C3D1-96EF-7972-30BB36D843F6;Как приготовить соус бешамель;UJX9Lsaz-t4;;;;;;;;;
E599670B-3C63-CBBC-0467-47AE872C4631;Как сделать грибной соус;6AxuNH_J4lo;;;;;;;;;
BADA0922-8348-E3BD-9819-CD02B8D6F229;Как приготовить соус из клюквы и апельсина;;;;;;;;;;
DE3EC7BE-ACE0-5678-199C-D29436EE97F6;Как приготовить соус с фаршем;;;;;;;;;;
272BC4E8-9D94-2C89-B8BB-1EE31CE30125;Как готовить соусы для мяса курицы;A8dwCT2S2f4;;;;;;;;;
E1D01B1C-7D29-E79B-A522-DDD3EBD836C6;Как сделать сливочно-чесночный соус;;;;;;;;;;
97A6E575-C5F6-604A-D4F8-977B0DB01801;Как приготовить творожный соус;;;;;;;;;;
10254BAB-951A-46E5-6231-39CFA1DC24D2;Как приготовить чесночный соус в домашних условиях;;;;;;;;;;
F26F586B-EDA4-10AE-CF29-9EBD954C2E99;Как приготовить вкусный соус к рыбе;8OovYY2WDwE;;;;;;;;;
3F8EF000-1943-BAC0-61A0-8A2C0685FA42;Как сделать соус для салата "Цезарь";;;;;;;;;;
55447477-71C9-5823-F30E-A526A81F841B;Как приготовить клюквенный соус;Co-g4jmpZ9g;;;;;;;;;
A885AB4B-2DC0-5F8C-CAD0-4AFA3CB68004;Как готовить соевый соус;qTQagayJEqA;;;;;;;;;
1A51764A-77E8-5500-E106-3FF30BBDE3A1;"Как приготовить соус &quot;Ткемали&quot; из слив на зиму";;;;;;;;;;
0F8E3067-6C71-9516-2855-79998E7D60F2;Пять оригинальных соусов к блинам;;;;;;;;;;
10CFAA96-A76C-3A2C-540F-12852F6AC458;Готовим соус тартар;;;;;;;;;;
4A2F48E0-6350-8D0E-F015-80CBDB8756F7;Как приготовить основной белый соус;;;;;;;;;;
4908DE55-CA43-D708-D434-AFAC45F064B5;Соус из консервированного тунца;;;;;;;;;;
987F454B-BC62-4629-F693-BD87AB958F57;Как приготовить грибной соус со сметаной;;;;;;;;;;
78118CF9-D00F-D2D3-BD4E-D9D348642EDC;Как приготовить розовый соус;;;;;;;;;;
728151CD-C404-E711-6139-6265A81E9213;Как приготовить универсальный соус с горчицей, медом и яблочным уксусом;;;;;;;;;;
2ED55BF8-F127-9B0B-9B2B-69FBEFE2C76A;Как приготовить соус тартар;qQRVinCriPI;;;;;;;;;
0F1EEE92-D8BB-C87D-B751-1A0C701C87DB;Как приготовить соус;FHTP2BxZh6U;;;;;;;;;
1F1AFB17-9E93-54F5-A87F-C3E4455362A7;Голландский соус;;;;;;;;;;
383F4A62-6528-66B4-7E79-911CD16F0396;Как делать сырный соус;w874yTMcLrg;;;;;;;;;
A04DFEDE-456C-81FF-9E9B-CB4F8B827DCB;Как приготовить чесночный соус;X6hOVW4PciY;;;;;;;;;
8CC40635-84CD-55A0-2A5A-A18946ED3C81;Как приготовить ореховый соус;;;;;;;;;;
18A06645-A22F-361C-F93B-1E32B0BDF085;Соус для жареных овощей;uRr6iGamJf8;;;;;;;;;
E960DCED-46B2-8823-DBB3-F3C0ACBD41A1;Как приготовить сливочный соус;7CDJIyGJIu4;;;;;;;;;
4A420ABE-2EB1-0C40-A27F-D5F1C585887C;Как приготовить соус песто;;;;;;;;;;
E8A799AC-0BB5-CF90-FF19-72353289FC25;Как приготовить лимонно-можжевеловый соус к рыбе;#NAME?;;;;;;;;;
66ACA672-245C-7F8B-A2C0-3C65E3E4FC1B;Соус карри: секреты приготовления;;;;;;;;;;
05888905-3C01-F136-A7BB-50777A35E6DD;Как сделать клюквенный соус к утке;Ri0KhCU1IBg;;;;;;;;;
8EA2FFB3-8AA5-187B-ACAA-2687AEF9FD6D;С чем едят соус песто;;;;;;;;;;
F8439A81-364A-82FB-BAFB-396591D5037E;Рецепты соусов к шашлыкам;;;;;;;;;;
30989E5A-2478-5303-6EF1-174558505DB9;Как просто приготовить соус для спагетти в пароварке;OU9JeRetAEY;;;;;;;;;
0E259B83-169D-2C6C-53D3-C27DE5C73A21;Как приготовить томатный соус;PaYcMSYsYac;;;;;;;;;
ABD4B66F-A31D-FAC7-52A9-F71896E1AAAC;Как приготовить мексиканский соус сальса;5EHoiTfeRMU;;;;;;;;;
6E6C8034-7732-B389-E54F-8622919689C5;Как приготовить соус цацики;H_rSsqm8al4;;;;;;;;;
BACD8412-E05B-F18D-AA5A-7833B4CD4F2E;Как приготовить соус Айоли;aUn6FsLyhdc;;;;;;;;;
6143D800-E6BC-7C72-8F49-E244F281BD7D;Как приготовить домашний томатный соус из запеченных овощей;;;;;;;;;;
C3AD0183-DE16-C3DF-2AAF-D789CD5864E4;Неаполитанский соус;;;;;;;;;;
8E86529D-322D-8C9C-089F-5998B2943D75;Какие бывают кисло-сладкие соусы;;;;;;;;;;
C02ED042-BF95-B558-5AB0-842B9820E33D;Шашлык: добавим соус для вкуса;YidU3nuov5o;;;;;;;;;
CEE50923-32B8-E61B-8DBF-161CB8CB8438;Как приготовить красный соус;;;;;;;;;;
01F5F567-AF22-B275-6591-CF73EF873CC0;Как приготовить соевый соус: рецепт;;;;;;;;;;
AE92D8BD-861F-4B4E-1E50-E4B0CAA97551;Готовим соусы к шашлыку;;;;;;;;;;
928C51D1-09B8-33ED-BD2E-A3DDFB199AF7;Как приготовить грузинские соусы;;;;;;;;;;
467AE54E-6A51-E717-E2DA-72427B87770F;Как сделать основной красный соус;;;;;;;;;;
292F01B6-CFF8-DA23-EE5C-0E8AF09FE71D;Готовим свекольный соус мутабаль;u5rdMwqQGrg;;;;;;;;;
269C12B5-40C1-4252-4B84-4CD7FEC76752;Бальзамический соус и рецепты его приготовления;;;;;;;;;;
8B4A124E-ED1E-DCFD-A658-227FFC082AAC;Как приготовить итальянский соус;siwtuMjhiVU;;;;;;;;;
85579086-C774-85C8-DBA0-CE582D36B040;Как приготовить соус Тартар в домашних условиях?;#NAME?;;;;;;;;;
090C5362-80D1-84DA-EFF4-CAEEA7175944;Заготовки на зиму: соус из перцев;;;;;;;;;;
27604CB1-3658-97D9-C047-AA2E36CB3A32;Как сделать апельсиновый соус;lzDwa2fkdJI;;;;;;;;;
A80C2556-525F-0F95-8A25-F32B1E2BD914;Как приготовить соус для цыпленка;dkvAbmBoTOA;;;;;;;;;
4C11C612-36E6-02DC-7196-93AC3B476769;Томатный джем, или восхитительный соус к мясу или птице;QSgYVjlgyY4;;;;;;;;;
D3A6DCB0-5BFA-B744-CCDD-F06193C20547;Как сделать ореховый соус;rgpqd8OyHDw;;;;;;;;;
FFAB9306-FF29-EEBA-71D9-22B8DEFEEDBE;Как приготовить итальянский томатный соус для спагетти;;;;;;;;;;
90A118D7-E8A1-2E25-5C43-F990D2C9BF09;Грибной соус;m7dVcpUNGZQ;;;;;;;;;
4F1C23EB-A9C5-1F16-A414-2AE2EFB77695;Вкусные домашние соусы к рыбным блюдам: 5 рецептов;;;;;;;;;;
AD3E9088-95BC-112E-9A88-AE2ECD9720A5;Как приготовить соус к креветкам;;;;;;;;;;
E0C8536D-70A4-C4D7-FB02-738588984EDA;Как приготовить лимонно-сырный соус;fqAy78b9hQY;;;;;;;;;
4F0A83A4-537E-CFD6-0A0B-662FD0CD41DD;Как приготовить быстрый турецкий соус для мяса;jHkmDwrekOk;;;;;;;;;
0D12AD54-F8AC-56A8-D542-43EC42685537;Соус песто с черемшой, грецкими орехами и пекорино;;;;;;;;;;
3D9960B4-9C69-9555-09C1-5EEA9B67A57D;Как приготовить вкусный соус для свинины;lLaskIMCbGo;;;;;;;;;
4D095E78-4DAA-8DD6-AC0D-54C90EA4D74D;Готовим соус для голубцов и для жульена;;;;;;;;;;
E3DB9A29-341E-B6AC-5F52-BB7165F8F176;Сметанный соус с красной рыбой;owuYW1lBzRw;;;;;;;;;
A6908008-3AB9-5008-6F4D-21769D321AD8;Соус из свежих томатов с зелёным чесноком;MWJKM9Z0-Hw;;;;;;;;;
9F913723-9193-8721-C821-BF7C85025864;Сливово-томатный и вишневый соус к мясу;D5BuqkT8e3Y;;;;;;;;;
BA5B014F-CB46-DFB2-2DF3-D0F1A21DDE41;Как приготовить кавказский соус цахтон;;;;;;;;;;
4FD20E1C-EB23-E54A-4100-E991CDCA946B;Заварной сладкий соус для блинов;Xo6NBQk8jQc;;;;;;;;;
8A9EA65B-35D1-9049-745E-872FAF796063;Как приготовить мексиканский соус гуакамоле;;;;;;;;;;
35ED5E9F-1912-3FBF-BA87-69762253B069;Как готовить соус бешамель;;;;;;;;;;
F06260F1-18ED-6E7A-1B44-41E3EA6430E7;Как приготовить соус тартар самостоятельно;TjJVxS-qHWE;;;;;;;;;
39EA634E-9B56-087A-9C35-0DC7BB9B067D;Как приготовить сметанный франкфуртский соус;dBfM2bqpI-g;;;;;;;;;
B51C9338-D277-4F3E-BEBF-5610D7A9730A;Как приготовить соус для вегетарианских голубцов;druTgo3U6es;;;;;;;;;
EF31F471-1089-231A-64D8-925EF6FFE75C;Как сделать соус к салату;8_h2gnu3F58;;;;;;;;;
FF7FB070-B95E-E445-7129-78370615B999;Соус Ранч;Ljm3H9bmaGI;;;;;;;;;
FA244F7A-DC2B-200B-943D-C122DEAC0F38;Как сделать голландский соус со спаржей;mi3PtZZrX3g;;;;;;;;;
E4B7BC13-A565-8134-834C-80231A7BDD68;Соус сальса за пять минут;xtmkQ8MlnWg;;;;;;;;;
05BFA6CF-C240-DDA8-9CE2-2FB1072B6FC6;Греческий соус из черных оливок;LuOIX9U4OVo;;;;;;;;;
54A9E701-575E-89D5-EE06-84238CB730B0;Сливочно-грибной соус;4s5YZhwqSEw;;;;;;;;;
CBB81FEC-D160-C73B-EAF9-DC16C09F7017;Греческий соус;gV04E2H9XQ0;;;;;;;;;
C573B117-8D1C-F370-2914-50F41DBC5A38;Как приготовить традиционный голландский яично-масляный соус;gDHCZoYK320;;;;;;;;;
116B5843-AB2F-C6A8-506E-613991889AA7;Как приготовить клюквенный соус к мясу;;;;;;;;;;
1B1A525B-4DE1-EE3B-3F76-FD6373713BD6;Вкусный вишневый соус к мясу;;;;;;;;;;
6B8B4A5D-71FC-11AD-BE0E-95347FCFD822;Рецепты соусов для спагетти;O5O6drrUWaI;;;;;;;;;
A3C1EED5-27F1-ECA8-36DE-14B1A054ECC5;"Универсальный соус &quot;Бабагануш&quot;";;;;;;;;;;
566A087A-64E2-F31F-4EE3-2693A0E7E1CE;Вкусный сырный соус;rV7cS06B_Hc;;;;;;;;;
64239297-8E1B-70A5-7D38-3DE248836B38;"Как приготовить соус к мясу &quot;Пербоната&quot;";;;;;;;;;;
A193F35B-4BE5-F302-43E6-0909D3DA89F7;Вкусные домашние соусы к мясу: пять рецептов;w8pgD4C0SdA;;;;;;;;;
B983D408-BB56-2B53-E799-B0B897022831;Как сделать соус к шашлыку;ZwPHha5ouOc;;;;;;;;;
4C298E33-E586-C98E-DC0F-45A650CF51EA;Как приготовить рыбный соус грибами и оливками;A_MhZ3wujTE;;;;;;;;;
1DE55E5A-D15F-DECD-6207-9F30302912D7;Готовим сливовый соус;Nu6-p7tENks;;;;;;;;;
E34CED2B-6D68-07D6-B098-B7C93AF5CF44;"Соус &laquo;Муслин&raquo; к рыбе";;;;;;;;;;
428B9938-0F47-ED59-8D7D-4C1920082133;"Как приготовить соус &quot;Сальса&quot;";P-s-GIoh0pk;;;;;;;;;
E936E854-647B-3D86-FAB8-1CBAABBAF3A3;"Как приготовить соус &laquo;Ранчо&raquo;";;;;;;;;;;
ED43A465-7EF2-DD22-17B0-167A80EF6BB2;Ежевичный соус с неспелым виноградом;Ec6lQRerTkA;;;;;;;;;
B5856274-3B3B-FF65-C534-D9B8C6F9023A;Как приготовить греческий соус;wy-NLtuMDqw;;;;;;;;;
3E167137-59C9-9033-598F-4AD27E384F55;Шоколадный соус моле;;;;;;;;;;
28467DAF-DB78-1097-C15E-A445D9DC4260;"Соус &quot;Огненный дракон&quot;";;;;;;;;;;
D4AE41BF-F9BC-D024-1639-7BAE7F592529;Как сделать сладкий карамельный соус;J3f3YDYT0ng;;;;;;;;;
5633D8E1-9775-85E0-B5B3-6721564B968A;Как приготовить соус для курицы;Oc1V8Mr5ChY;;;;;;;;;
17FEA884-EDD0-E568-F6E1-D190345E85D1;Как приготовить кофейный соус для барбекью;Td14kyCNP3U;;;;;;;;;
6B957696-58A3-2A0B-F41E-0D62402AA6A6;Молочно-сырный соус с мускатным орехом;0Rho56jeJEs;;;;;;;;;
E6C47A22-92E1-4F56-35A4-94527084DF11;Лучшие соусы для барбекю;7qITkVs_sEE;;;;;;;;;
B8BD5696-70CB-48FF-FDB7-0E627C9C912C;Как приготовить томатный соус на зиму;;;;;;;;;;
D22EBD7D-0CBD-3708-3DC4-A1218CDF7460;Томатный соус для рыбы;_pw3SU-kVFs;;;;;;;;;
1D63B2B1-B6C6-7E1E-978A-1E49A406BEDF;Готовим соус Чимичурри;img6zQR-ZO0;;;;;;;;;
4BBDBE32-112E-B406-68CE-F990219929FB;Как приготовить соус бешамель в домашних условиях;;;;;;;;;;
F729F077-A67C-380B-092A-53C31F9051DE;Как приготовить соус для барбекю из ревеня;fB7g2IjlH8E;;;;;;;;;
7D717AEF-7F07-6D2A-064F-1FC557E7B82E;Как приготовить соус для пиццы из свежих продуктов;EyaSxpbdJgc;;;;;;;;;
5DE6E4CE-303E-BDB9-A278-D867B421B365;Горячий соус из артишоков;ZN57wdjfPNk;;;;;;;;;
6EF2A983-2401-49EC-2FB4-39ECCE29F84F;"Мексиканский соус &quot;Гуакамоле&quot;";;;;;;;;;;
1FFFAC3E-537E-4F77-E77F-10C8E841FAE6;Как сделать жгучий соус;5EFdgwDHs78;;;;;;;;;
FFA976C5-5229-4BB6-883E-C1F21BAA664D;Как приготовить вкусный зеленый соус?;#NAME?;;;;;;;;;
BE708C9E-0860-F0B2-0A49-50F9E02A94D8;Клюквенно-мандариновый соус с имбирем и изюмом;qxy92PZvtGs;;;;;;;;;
8AAD42ED-6896-7809-159C-0E716F652D78;"Соус &laquo;Дзадзики&raquo;";;;;;;;;;;
C176466E-2360-0937-3226-6D9C26B96515;Американский винный соус;nFa8xfn3YoM;;;;;;;;;
D9F3DFA7-3D80-15AC-1ECC-6118A77F6CF7;"Как приготовить соус &laquo;Тысяча островов&raquo;";;;;;;;;;;
280BABB4-A6CC-FCC3-CB42-DB975136870C;Как приготовить вкуснейший овощной соус к макаронам или хлебу;;;;;;;;;;
0064A755-E0F8-9816-D553-97EECD9690C6;Как приготовить яблочный соус;yBeHOLghzCI;;;;;;;;;
5ABA9AEB-DF2E-F011-944E-59C6E230BAFE;Упрощенный соус Тар-тар;DgOnZMSMJfA;;;;;;;;;
17E1B95F-90FF-BFF5-AB19-5B1BAFCB1F91;Сырный соус с зеленью;;;;;;;;;;
D3F1F3E8-5A03-0416-2928-A55241501D09;Острый соус;Ie2qo2Hpw9M;;;;;;;;;
F1226533-7596-B9C7-6B29-90AA02825206;Томатно-рыбный соус;sI0DbKxw5Sg;;;;;;;;;
25FAF939-8FFC-4AFD-2F24-7F488C0DF613;Как приготовить вкусный соус для макарон;;;;;;;;;;
3A8BA7E5-92B8-85D5-5C98-5C09AB5D3CC0;Как приготовить соус Цезарь;;;;;;;;;;
F21C458C-2588-2814-6AE7-DF4A90DA6A2A;"Грибной соус &quot;Тамерлан&quot;";;;;;;;;;;
92CFFA57-D851-10B4-FAD2-F07D403C567A;Как приготовить соус для мексиканской энчилады;k_vzWTfzTSs;;;;;;;;;
370B10D2-52EE-F34F-6B2B-B15CF8C7FA48;Домашние соусы;69L9RoEGso8;;;;;;;;;
0B957036-DCD8-A214-309D-9B0E085944FC;Жгучий мясной соус;XHDz8Oa3Ru8;;;;;;;;;
9AF597C2-859C-84F8-E579-92AEDDCE99E6;Как приготовить соус из клубники и грецких орехов;GxnNvJIzk8c;;;;;;;;;
6E479B12-FDFF-7875-8364-83293FE813D0;"Луковый соус &quot;Чипполино&quot;";;;;;;;;;;
2B37C77B-53C8-FA6D-67D2-05C73CE3C6E7;"Сливовый соус &quot;Пламенная страсть&quot;";;;;;;;;;;
E35E11C6-7FC5-E211-3EB0-562092BE461A;Как сделать кашу и кефирный соус-райту за 15 минут;;;;;;;;;;
739D0180-154B-F130-D53F-3DF16A453ECF;Как приготовить соус к рыбе;;;;;;;;;;
DF3F2B0B-1765-6F71-2F9D-6670F4983DB0;Как просто приготовить идеальный сырный соус;;;;;;;;;;
2326499C-671A-08B5-A263-F979817E9121;Блюда грузинской кухни: ореховый соус сациви. Рецепт с фото;;;;;;;;;;
557E2C48-CB81-C81A-DA2E-7A5FB7EE62B0;Кисло-сладкий соус из клюквы;;;;;;;;;;
B597B072-9468-AD1D-51B0-A1FFFA99E9E3;Добавьте в свой рацион немного нежности: сливочный грибной соус;;;;;;;;;;
93B4911B-C209-7E4F-50B2-633E200BDBBB;Клюквенный соус - изысканное дополнение к мясу;;;;;;;;;;
215DB445-B1D0-9150-FA75-FF035BF89572;Как приготовить соус болоньез;;;;;;;;;;
